{"freeze": "beta", "user": "docent5", "queries": {"keywords": {"crispr-cas": 0.0, "pcr-reactie": 0.0, "restrictie-enzym": 0.0, "dna-replicatie": 0.0, "fotosynthese": 0.0, "osmose": 0.0, "sequencing": 0.0}, "keywords|text": {"crispr-cas": 0.746787207804481, "pcr-reactie": 0.4306765580733931, "restrictie-enzym": 0.0, "dna-replicatie": 0.4894139534802358, "fotosynthese": 0.19016468617944793, "osmose": 0.6676765008394243, "sequencing": 0.7725384908322217}, "keywords|text|text_plain": {"crispr-cas": 0.746787207804481, "pcr-reactie": 0.4306765580733931, "restrictie-enzym": 0.0, "dna-replicatie": 0.4164679785427958, "fotosynthese": 0.18727650841077584, "osmose": 0.6676765008394243, "sequencing": 0.7725384908322217}, "keywords|text|text_plain|title^2": {"crispr-cas": 0.746787207804481, "pcr-reactie": 0.6309297535714574, "restrictie-enzym": 0.0, "dna-replicatie": 0.3228635268140141, "fotosynthese": 0.18727650841077584, "osmose": 0.6676765008394243, "sequencing": 0.7725384908322217}, "keywords|text|text_plain|title^2|title_plain": {"crispr-cas": 0.746787207804481, "pcr-reactie": 0.6309297535714574, "restrictie-enzym": 0.0, "dna-replicatie": 0.31764847942226837, "fotosynthese": 0.18727650841077584, "osmose": 0.6676765008394243, "sequencing": 0.7725384908322217}, "keywords|text|text_plain|title_plain": {"crispr-cas": 0.746787207804481, "pcr-reactie": 0.5, "restrictie-enzym": 0.0, "dna-replicatie": 0.4164679785427958, "fotosynthese": 0.18727650841077584, "osmose": 0.6676765008394243, "sequencing": 0.7725384908322217}, "keywords|text|title^2": {"crispr-cas": 0.746787207804481, "pcr-reactie": 0.6309297535714574, "restrictie-enzym": 0.0, "dna-replicatie": 0.33884410590346764, "fotosynthese": 0.19016468617944793, "osmose": 0.6676765008394243, "sequencing": 0.7725384908322217}, "keywords|text|title^2|title_plain": {"crispr-cas": 0.746787207804481, "pcr-reactie": 0.6309297535714574, "restrictie-enzym": 0.0, "dna-replicatie": 0.31296610946509074, "fotosynthese": 0.19016468617944793, "osmose": 0.6676765008394243, "sequencing": 0.7725384908322217}, "keywords|text|title_plain": {"crispr-cas": 0.746787207804481, "pcr-reactie": 0.5, "restrictie-enzym": 0.0, "dna-replicatie": 0.4164679785427958, "fotosynthese": 0.19016468617944793, "osmose": 0.6676765008394243, "sequencing": 0.7725384908322217}, "keywords|text_plain": {"crispr-cas": 0.746787207804481, "pcr-reactie": 0.4306765580733931, "restrictie-enzym": 0.0, "dna-replicatie": 0.4164679785427958, "fotosynthese": 0.18727650841077584, "osmose": 0.6676765008394243, "sequencing": 0.8731024332209769}, "keywords|text_plain|title^2": {"crispr-cas": 0.746787207804481, "pcr-reactie": 0.6309297535714574, "restrictie-enzym": 0.0, "dna-replicatie": 0.33884410590346764, "fotosynthese": 0.18727650841077584, "osmose": 0.6676765008394243, "sequencing": 0.8731024332209769}, "keywords|text_plain|title^2|title_plain": {"crispr-cas": 0.746787207804481, "pcr-reactie": 0.6309297535714574, "restrictie-enzym": 0.0, "dna-replicatie": 0.31296610946509074, "fotosynthese": 0.18727650841077584, "osmose": 0.6676765008394243, "sequencing": 0.8731024332209769}, "keywords|text_plain|title_plain": {"crispr-cas": 0.746787207804481, "pcr-reactie": 0.5, "restrictie-enzym": 0.0, "dna-replicatie": 0.4164679785427958, "fotosynthese": 0.18727650841077584, "osmose": 0.6676765008394243, "sequencing": 0.8731024332209769}, "keywords|title^2": {"crispr-cas": 0.0, "pcr-reactie": 0.5, "restrictie-enzym": 0.0, "dna-replicatie": 0.0, "fotosynthese": 0.0, "osmose": 0.0, "sequencing": 0.0}, "keywords|title^2|title_plain": {"crispr-cas": 0.0, "pcr-reactie": 0.5, "restrictie-enzym": 0.0, "dna-replicatie": 0.0, "fotosynthese": 0.0, "osmose": 0.0, "sequencing": 0.0}, "keywords|title_plain": {"crispr-cas": 0.0, "pcr-reactie": 1.0, "restrictie-enzym": 0.0, "dna-replicatie": 0.0, "fotosynthese": 0.0, "osmose": 0.0, "sequencing": 0.0}, "text": {"crispr-cas": 0.746787207804481, "pcr-reactie": 0.4306765580733931, "restrictie-enzym": 0.0, "dna-replicatie": 0.4894139534802358, "fotosynthese": 0.19016468617944793, "osmose": 0.6676765008394243, "sequencing": 0.7725384908322217}, "text|text_plain": {"crispr-cas": 0.746787207804481, "pcr-reactie": 0.4306765580733931, "restrictie-enzym": 0.0, "dna-replicatie": 0.4164679785427958, "fotosynthese": 0.18727650841077584, "osmose": 0.6676765008394243, "sequencing": 0.7725384908322217}, "text|text_plain|title^2": {"crispr-cas": 0.746787207804481, "pcr-reactie": 0.6309297535714574, "restrictie-enzym": 0.0, "dna-replicatie": 0.3228635268140141, "fotosynthese": 0.18727650841077584, "osmose": 0.6676765008394243, "sequencing": 0.7725384908322217}, "text|text_plain|title^2|title_plain": {"crispr-cas": 0.746787207804481, "pcr-reactie": 0.6309297535714574, "restrictie-enzym": 0.0, "dna-replicatie": 0.31764847942226837, "fotosynthese": 0.18727650841077584, "osmose": 0.6676765008394243, "sequencing": 0.7725384908322217}, "text|text_plain|title_plain": {"crispr-cas": 0.746787207804481, "pcr-reactie": 0.5, "restrictie-enzym": 0.0, "dna-replicatie": 0.4164679785427958, "fotosynthese": 0.18727650841077584, "osmose": 0.6676765008394243, "sequencing": 0.7725384908322217}, "text|title^2": {"crispr-cas": 0.746787207804481, "pcr-reactie": 0.6309297535714574, "restrictie-enzym": 0.0, "dna-replicatie": 0.33884410590346764, "fotosynthese": 0.19016468617944793, "osmose": 0.6676765008394243, "sequencing": 0.7725384908322217}, "text|title^2|title_plain": {"crispr-cas": 0.746787207804481, "pcr-reactie": 0.6309297535714574, "restrictie-enzym": 0.0, "dna-replicatie": 0.31296610946509074, "fotosynthese": 0.19016468617944793, "osmose": 0.6676765008394243, "sequencing": 0.7725384908322217}, "text|title_plain": {"crispr-cas": 0.746787207804481, "pcr-reactie": 0.5, "restrictie-enzym": 0.0, "dna-replicatie": 0.4164679785427958, "fotosynthese": 0.19016468617944793, "osmose": 0.6676765008394243, "sequencing": 0.7725384908322217}, "text_plain": {"crispr-cas": 0.746787207804481, "pcr-reactie": 0.4306765580733931, "restrictie-enzym": 0.0, "dna-replicatie": 0.4164679785427958, "fotosynthese": 0.18727650841077584, "osmose": 0.6676765008394243, "sequencing": 0.8767515530144947}, "text_plain|title^2": {"crispr-cas": 0.746787207804481, "pcr-reactie": 0.6309297535714574, "restrictie-enzym": 0.0, "dna-replicatie": 0.33884410590346764, "fotosynthese": 0.18727650841077584, "osmose": 0.6676765008394243, "sequencing": 0.8767515530144947}, "text_plain|title^2|title_plain": {"crispr-cas": 0.746787207804481, "pcr-reactie": 0.6309297535714574, "restrictie-enzym": 0.0, "dna-replicatie": 0.31296610946509074, "fotosynthese": 0.18727650841077584, "osmose": 0.6676765008394243, "sequencing": 0.8767515530144947}, "text_plain|title_plain": {"crispr-cas": 0.746787207804481, "pcr-reactie": 0.5, "restrictie-enzym": 0.0, "dna-replicatie": 0.4164679785427958, "fotosynthese": 0.18727650841077584, "osmose": 0.6676765008394243, "sequencing": 0.8767515530144947}, "title^2": {"crispr-cas": 0.0, "pcr-reactie": 0.5, "restrictie-enzym": 0.0, "dna-replicatie": 0.0, "fotosynthese": 0.0, "osmose": 0.0, "sequencing": 0.0}, "title^2|title_plain": {"crispr-cas": 0.0, "pcr-reactie": 0.5, "restrictie-enzym": 0.0, "dna-replicatie": 0.0, "fotosynthese": 0.0, "osmose": 0.0, "sequencing": 0.0}, "title_plain": {"crispr-cas": 0.0, "pcr-reactie": 1.0, "restrictie-enzym": 0.0, "dna-replicatie": 0.0, "fotosynthese": 0.0, "osmose": 0.0, "sequencing": 0.0}}}