{"freeze": "beta", "user": "docent1", "queries": {"keywords": {"longkanker": 0.0, "calcium-antagonist": 0.0, "daibetes-mellitus": 1.0, "dna": 0.0, "diabetes-mellitus": 1.0, "amoxicilline": 0.0, "furosemide": 0.0, "dopamine": 0.0, "hartfalen": 0.0}, "keywords|text": {"longkanker": 1.0, "calcium-antagonist": 1.0, "daibetes-mellitus": 0.5645406458822422, "dna": 0.3562071871080221, "diabetes-mellitus": 0.5714078137881033, "amoxicilline": 1.0, "furosemide": 1.0, "dopamine": 0.962543268492907, "hartfalen": 0.585389839308627}, "keywords|text|text_plain": {"longkanker": 1.0, "calcium-antagonist": 1.0, "daibetes-mellitus": 0.5645406458822422, "dna": 0.3154648767857287, "diabetes-mellitus": 0.6561685617815186, "amoxicilline": 1.0, "furosemide": 1.0, "dopamine": 0.962543268492907, "hartfalen": 0.5239472913541399}, "keywords|text|text_plain|title^2": {"longkanker": 1.0, "calcium-antagonist": 1.0, "daibetes-mellitus": 0.9072466690934965, "dna": 0.227670248696953, "diabetes-mellitus": 0.851850042104485, "amoxicilline": 1.0, "furosemide": 1.0, "dopamine": 0.962543268492907, "hartfalen": 0.4584607388296295}, "keywords|text|text_plain|title^2|title_plain": {"longkanker": 1.0, "calcium-antagonist": 1.0, "daibetes-mellitus": 0.9072466690934965, "dna": 0.227670248696953, "diabetes-mellitus": 0.851850042104485, "amoxicilline": 1.0, "furosemide": 1.0, "dopamine": 0.962543268492907, "hartfalen": 0.4584607388296295}, "keywords|text|text_plain|title_plain": {"longkanker": 1.0, "calcium-antagonist": 1.0, "daibetes-mellitus": 0.8243097284130702, "dna": 0.25, "diabetes-mellitus": 0.7641608424216491, "amoxicilline": 1.0, "furosemide": 1.0, "dopamine": 0.962543268492907, "hartfalen": 0.4858002754159281}, "keywords|text|title^2": {"longkanker": 1.0, "calcium-antagonist": 1.0, "daibetes-mellitus": 0.9072466690934965, "dna": 0.227670248696953, "diabetes-mellitus": 0.851850042104485, "amoxicilline": 1.0, "furosemide": 1.0, "dopamine": 0.962543268492907, "hartfalen": 0.4584607388296295}, "keywords|text|title^2|title_plain": {"longkanker": 1.0, "calcium-antagonist": 1.0, "daibetes-mellitus": 0.9072466690934965, "dna": 0.227670248696953, "diabetes-mellitus": 0.851850042104485, "amoxicilline": 1.0, "furosemide": 1.0, "dopamine": 0.962543268492907, "hartfalen": 0.4584607388296295}, "keywords|text|title_plain": {"longkanker": 1.0, "calcium-antagonist": 1.0, "daibetes-mellitus": 0.8448750798674617, "dna": 0.23981246656813146, "diabetes-mellitus": 0.7834189941498775, "amoxicilline": 1.0, "furosemide": 1.0, "dopamine": 0.962543268492907, "hartfalen": 0.4858002754159281}, "keywords|text_plain": {"longkanker": 1.0, "calcium-antagonist": 1.0, "daibetes-mellitus": 0.5645406458822422, "dna": 0.3154648767857287, "diabetes-mellitus": 0.6595344144085037, "amoxicilline": 1.0, "furosemide": 1.0, "dopamine": 0.962543268492907, "hartfalen": 0.5239472913541399}, "keywords|text_plain|title^2": {"longkanker": 1.0, "calcium-antagonist": 1.0, "daibetes-mellitus": 0.9072466690934965, "dna": 0.227670248696953, "diabetes-mellitus": 0.851850042104485, "amoxicilline": 1.0, "furosemide": 1.0, "dopamine": 0.962543268492907, "hartfalen": 0.4584607388296295}, "keywords|text_plain|title^2|title_plain": {"longkanker": 1.0, "calcium-antagonist": 1.0, "daibetes-mellitus": 0.9072466690934965, "dna": 0.227670248696953, "diabetes-mellitus": 0.851850042104485, "amoxicilline": 1.0, "furosemide": 1.0, "dopamine": 0.962543268492907, "hartfalen": 0.4584607388296295}, "keywords|text_plain|title_plain": {"longkanker": 1.0, "calcium-antagonist": 1.0, "daibetes-mellitus": 0.858104983175259, "dna": 0.23981246656813146, "diabetes-mellitus": 0.8041066923555605, "amoxicilline": 1.0, "furosemide": 1.0, "dopamine": 0.962543268492907, "hartfalen": 0.4858002754159281}, "keywords|title^2": {"longkanker": 0.0, "calcium-antagonist": 0.0, "daibetes-mellitus": 0.8664816870838796, "dna": 0.0, "diabetes-mellitus": 0.9109178149398823, "amoxicilline": 0.0, "furosemide": 1.0, "dopamine": 1.0, "hartfalen": 0.0}, "keywords|title^2|title_plain": {"longkanker": 0.0, "calcium-antagonist": 0.0, "daibetes-mellitus": 0.8664816870838796, "dna": 0.0, "diabetes-mellitus": 0.9109178149398823, "amoxicilline": 0.0, "furosemide": 1.0, "dopamine": 1.0, "hartfalen": 0.0}, "keywords|title_plain": {"longkanker": 0.0, "calcium-antagonist": 0.0, "daibetes-mellitus": 0.8664816870838796, "dna": 0.0, "diabetes-mellitus": 0.8812838215442483, "amoxicilline": 0.0, "furosemide": 1.0, "dopamine": 1.0, "hartfalen": 0.0}, "text": {"longkanker": 1.0, "calcium-antagonist": 1.0, "daibetes-mellitus": 0.44528533102857365, "dna": 0.3562071871080221, "diabetes-mellitus": 0.3828284160939784, "amoxicilline": 1.0, "furosemide": 1.0, "dopamine": 0.962543268492907, "hartfalen": 0.585389839308627}, "text|text_plain": {"longkanker": 1.0, "calcium-antagonist": 1.0, "daibetes-mellitus": 0.44528533102857365, "dna": 0.3154648767857287, "diabetes-mellitus": 0.42235786738380443, "amoxicilline": 1.0, "furosemide": 1.0, "dopamine": 0.962543268492907, "hartfalen": 0.5239472913541399}, "text|text_plain|title^2": {"longkanker": 1.0, "calcium-antagonist": 1.0, "daibetes-mellitus": 0.9072466690934965, "dna": 0.227670248696953, "diabetes-mellitus": 0.851850042104485, "amoxicilline": 1.0, "furosemide": 1.0, "dopamine": 0.962543268492907, "hartfalen": 0.4584607388296295}, "text|text_plain|title^2|title_plain": {"longkanker": 1.0, "calcium-antagonist": 1.0, "daibetes-mellitus": 0.9072466690934965, "dna": 0.227670248696953, "diabetes-mellitus": 0.851850042104485, "amoxicilline": 1.0, "furosemide": 1.0, "dopamine": 0.962543268492907, "hartfalen": 0.4584607388296295}, "text|text_plain|title_plain": {"longkanker": 1.0, "calcium-antagonist": 1.0, "daibetes-mellitus": 0.8243097284130702, "dna": 0.25, "diabetes-mellitus": 0.649458296990212, "amoxicilline": 1.0, "furosemide": 1.0, "dopamine": 0.962543268492907, "hartfalen": 0.4858002754159281}, "text|title^2": {"longkanker": 1.0, "calcium-antagonist": 1.0, "daibetes-mellitus": 0.9072466690934965, "dna": 0.227670248696953, "diabetes-mellitus": 0.851850042104485, "amoxicilline": 1.0, "furosemide": 1.0, "dopamine": 0.962543268492907, "hartfalen": 0.4584607388296295}, "text|title^2|title_plain": {"longkanker": 1.0, "calcium-antagonist": 1.0, "daibetes-mellitus": 0.9072466690934965, "dna": 0.227670248696953, "diabetes-mellitus": 0.851850042104485, "amoxicilline": 1.0, "furosemide": 1.0, "dopamine": 0.962543268492907, "hartfalen": 0.4584607388296295}, "text|title_plain": {"longkanker": 1.0, "calcium-antagonist": 1.0, "daibetes-mellitus": 0.8448750798674617, "dna": 0.23981246656813146, "diabetes-mellitus": 0.649458296990212, "amoxicilline": 1.0, "furosemide": 1.0, "dopamine": 0.962543268492907, "hartfalen": 0.4858002754159281}, "text_plain": {"longkanker": 1.0, "calcium-antagonist": 1.0, "daibetes-mellitus": 0.44528533102857365, "dna": 0.3154648767857287, "diabetes-mellitus": 0.3828284160939784, "amoxicilline": 1.0, "furosemide": 1.0, "dopamine": 0.962543268492907, "hartfalen": 0.5239472913541399}, "text_plain|title^2": {"longkanker": 1.0, "calcium-antagonist": 1.0, "daibetes-mellitus": 0.9072466690934965, "dna": 0.227670248696953, "diabetes-mellitus": 0.851850042104485, "amoxicilline": 1.0, "furosemide": 1.0, "dopamine": 0.962543268492907, "hartfalen": 0.4584607388296295}, "text_plain|title^2|title_plain": {"longkanker": 1.0, "calcium-antagonist": 1.0, "daibetes-mellitus": 0.9072466690934965, "dna": 0.227670248696953, "diabetes-mellitus": 0.851850042104485, "amoxicilline": 1.0, "furosemide": 1.0, "dopamine": 0.962543268492907, "hartfalen": 0.4584607388296295}, "text_plain|title_plain": {"longkanker": 1.0, "calcium-antagonist": 1.0, "daibetes-mellitus": 0.858104983175259, "dna": 0.23981246656813146, "diabetes-mellitus": 0.7834189941498775, "amoxicilline": 1.0, "furosemide": 1.0, "dopamine": 0.962543268492907, "hartfalen": 0.4858002754159281}, "title^2": {"longkanker": 0.0, "calcium-antagonist": 0.0, "daibetes-mellitus": 0.8664816870838796, "dna": 0.0,