{"freeze": "beta", "user": "docent6", "queries": {"keywords": {"onderzoeksaanpak-visualiseren": 0.04496806310663263, "datavisualisatie": 0.0, "scannend-lezen": 0.0, "onderzoeksruimte-veld": 0.0, "mindmappen": 0.0, "onderzoek-aanpak": 0.0, "begrijpend-lezen": 0.44049509327725755}, "keywords|text": {"onderzoeksaanpak-visualiseren": 0.5588847142873179, "datavisualisatie": 0.5, "scannend-lezen": 0.5531464700081435, "onderzoeksruimte-veld": 0.5, "mindmappen": 1.0, "onderzoek-aanpak": 0.6169429475880909, "begrijpend-lezen": 0.5800995747795228}, "keywords|text|text_plain": {"onderzoeksaanpak-visualiseren": 0.5588847142873179, "datavisualisatie": 0.5, "scannend-lezen": 0.5531464700081435, "onderzoeksruimte-veld": 0.5, "mindmappen": 1.0, "onderzoek-aanpak": 0.7006477590588481, "begrijpend-lezen": 0.4565730503661204}, "keywords|text|text_plain|title^2": {"onderzoeksaanpak-visualiseren": 0.5588847142873179, "datavisualisatie": 0.6309297535714574, "scannend-lezen": 0.360054614577234, "onderzoeksruimte-veld": 0.5, "mindmappen": 1.0, "onderzoek-aanpak": 0.37070037330184746, "begrijpend-lezen": 0.3891941710864201}, "keywords|text|text_plain|title^2|title_plain": {"onderzoeksaanpak-visualiseren": 0.5588847142873179, "datavisualisatie": 0.6309297535714574, "scannend-lezen": 0.24816574496561808, "onderzoeksruimte-veld": 0.5, "mindmappen": 1.0, "onderzoek-aanpak": 0.37070037330184746, "begrijpend-lezen": 0.39797198360283786}, "keywords|text|text_plain|title_plain": {"onderzoeksaanpak-visualiseren": 0.5588847142873179, "datavisualisatie": 1.0, "scannend-lezen": 0.5531464700081435, "onderzoeksruimte-veld": 0.5, "mindmappen": 1.0, "onderzoek-aanpak": 0.6435957235849202, "begrijpend-lezen": 0.455347874760428}, "keywords|text|title^2": {"onderzoeksaanpak-visualiseren": 0.5588847142873179, "datavisualisatie": 0.6309297535714574, "scannend-lezen": 0.20909052749017537, "onderzoeksruimte-veld": 0.5, "mindmappen": 1.0, "onderzoek-aanpak": 0.18535018665092373, "begrijpend-lezen": 0.3896861513848782}, "keywords|text|title^2|title_plain": {"onderzoeksaanpak-visualiseren": 0.5588847142873179, "datavisualisatie": 0.6309297535714574, "scannend-lezen": 0.08133484538841967, "onderzoeksruimte-veld": 0.5, "mindmappen": 1.0, "onderzoek-aanpak": 0.18535018665092373, "begrijpend-lezen": 0.3969621387907573}, "keywords|text|title_plain": {"onderzoeksaanpak-visualiseren": 0.5588847142873179, "datavisualisatie": 1.0, "scannend-lezen": 0.5531464700081435, "onderzoeksruimte-veld": 0.5, "mindmappen": 1.0, "onderzoek-aanpak": 0.6260717415764536, "begrijpend-lezen": 0.455347874760428}, "keywords|text_plain": {"onderzoeksaanpak-visualiseren": 0.5588847142873179, "datavisualisatie": 0.5, "scannend-lezen": 0.5531464700081435, "onderzoeksruimte-veld": 0.5, "mindmappen": 1.0, "onderzoek-aanpak": 0.7537574257137566, "begrijpend-lezen": 0.42992394495366965}, "keywords|text_plain|title^2": {"onderzoeksaanpak-visualiseren": 0.5588847142873179, "datavisualisatie": 0.6309297535714574, "scannend-lezen": 0.27727342735504823, "onderzoeksruimte-veld": 0.5, "mindmappen": 1.0, "onderzoek-aanpak": 0.2338858951761819, "begrijpend-lezen": 0.3896861513848782}, "keywords|text_plain|title^2|title_plain": {"onderzoeksaanpak-visualiseren": 0.5588847142873179, "datavisualisatie": 0.6309297535714574, "scannend-lezen": 0.20503241819862078, "onderzoeksruimte-veld": 0.5, "mindmappen": 1.0, "onderzoek-aanpak": 0.18535018665092373, "begrijpend-lezen": 0.3969621387907573}, "keywords|text_plain|title_plain": {"onderzoeksaanpak-visualiseren": 0.5588847142873179, "datavisualisatie": 1.0, "scannend-lezen": 0.5531464700081435, "onderzoeksruimte-veld": 0.5, "mindmappen": 1.0, "onderzoek-aanpak": 0.6670737654149195, "begrijpend-lezen": 0.455347874760428}, "keywords|title^2": {"onderzoeksaanpak-visualiseren": 0.04496806310663263, "datavisualisatie": 0.6309297535714574, "scannend-lezen": 0.0, "onderzoeksruimte-veld": 0.0, "mindmappen": 1.0, "onderzoek-aanpak": 0.09488373534660215, "begrijpend-lezen": 0.3924902186181531}, "keywords|title^2|title_plain": {"onderzoeksaanpak-visualiseren": 0.04496806310663263, "datavisualisatie": 0.6309297535714574, "scannend-lezen": 0.0, "onderzoeksruimte-veld": 0.0, "mindmappen": 1.0, "onderzoek-aanpak": 0.10715643902447473, "begrijpend-lezen": 0.39976620602403223}, "keywords|title_plain": {"onderzoeksaanpak-visualiseren": 0.04496806310663263, "datavisualisatie": 0.6309297535714574, "scannend-lezen": 0.0, "onderzoeksruimte-veld": 0.0, "mindmappen": 1.0, "onderzoek-aanpak": 0.10715643902447473, "begrijpend-lezen": 0.4319817371575651}, "text": {"onderzoeksaanpak-visualiseren": 0.6364260996967682, "datavisualisatie": 0.5, "scannend-lezen": 0.9374130297304556, "onderzoeksruimte-veld": 0.5, "mindmappen": 1.0, "onderzoek-aanpak": 0.5152975724079244, "begrijpend-lezen": 0.37256044208826034}, "text|text_plain": {"onderzoeksaanpak-visualiseren": 0.6364260996967682, "datavisualisatie": 0.5, "scannend-lezen": 0.8940043068327735, "onderzoeksruimte-veld": 0.5, "mindmappen": 1.0, "onderzoek-aanpak": 0.4582455369339965, "begrijpend-lezen": 0.30901331266640975}, "text|text_plain|title^2": {"onderzoeksaanpak-visualiseren": 0.6364260996967682, "datavisualisatie": 0.6309297535714574, "scannend-lezen": 0.5531464700081435, "onderzoeksruimte-veld": 0.5, "mindmappen": 1.0, "onderzoek-aanpak": 0.2338858951761819, "begrijpend-lezen": 0.3819617916139295}, "text|text_plain|title^2|title_plain": {"onderzoeksaanpak-visualiseren": 0.6364260996967682, "datavisualisatie": 0.6309297535714574, "scannend-lezen": 0.4852285551163225, "onderzoeksruimte-veld": 0.5, "mindmappen": 1.0, "onderzoek-aanpak": 0.37070037330184746, "begrijpend-lezen": 0.3897297593182667}, "text|text_plain|title_plain": {"onderzoeksaanpak-visualiseren": 0.6364260996967682, "datavisualisatie": 1.0, "scannend-lezen": 0.8178811269142472, "onderzoeksruimte-veld": 0.5, "mindmappen": 1.0, "onderzoek-aanpak": 0.6123824649839021, "begrijpend-lezen": 0.38105912911876577}, "text|title^2": {"onderzoeksaanpak-visualiseren": 0.6364260996967682, "datavisualisatie": 0.6309297535714574, "scannend-lezen": 0.27727342735504823, "onderzoeksruimte-veld": 0.5, "mindmappen": 1.0, "onderzoek-aanpak": 0.11159193176769136, "begrijpend-lezen": 0.38363976771459424}, "text|title^2|title_plain": {"onderzoeksaanpak-visualiseren": 0.6364260996967682, "datavisualisatie": 0.6309297535714574, "scannend-lezen": 0.19670374182957595, "onderzoeksruimte-veld": 0.5, "mindmappen": 1.0, "onderzoek-aanpak": 0.14340648005471224, "begrijpend-lezen": 0.3928706207427141}, "text|title_plain": {"onderzoeksaanpak-visualiseren": 0.6364260996967682, "datavisualisatie": 1.0, "scannend-lezen": 0.7088374405620038, "onderzoeksruimte-veld": 0.5, "mindmappen": 1.0, "onderzoek-aanpak": 0.47556798685823654, "begrijpend-lezen": 0.4107485652586863}, "text_plain": {"onderzoeksaanpak-visualiseren": 0.6364260996967682, "datavisualisatie": 0.5, "scannend-lezen": 0.8940043068327735, "onderzoeksruimte-veld": 0.5, "mindmappen": 1.0, "onderzoek-aanpak": 0.5302592872892539, "begrijpend-lezen": 0.30901331266640975}, "text_plain|title^2": {"onderzoeksaanpak-visualiseren": 0.6364260996967682, "datavisualisatie": 0.6309297535714574, "scannend-lezen": 0.5531464700081435, "onderzoeksruimte-veld": 0.5, "mindmappen": 1.0, "onderzoek-aanpak": 0.14340648005471224, "begrijpend-lezen": 0.3824537719123876}, "text_plain|title^2|title_plain": {"onderzoeksaanpak-visualiseren": 0.6364260996967682, "datavisualisatie": 0.6309297535714574, "scannend-lezen": 0.27727342735504823, "onderzoeksruimte-veld": 0.5, "mindmappen": 1.0, "onderzoek-aanpak": 0.18535018665092373, "begrijpend-lezen": 0.3897297593182667}, "text_plain|title_plain": {"onderzoeksaanpak-visualiseren": 0.6364260996967682, "datavisualisatie": 1.0, "scannend-lezen": 0.7174570434816822, "onderzoeksruimte-veld": 0.5, "mindmappen": 1.0, "onderzoek-aanpak": 0.6260717415764536, "begrijpend-lezen": 0.3863551642864048}, "title^2": {"onderzoeksaanpak-visualiseren": 0.0, "datavisualisatie": 0.6309297535714574,