{"freeze": "beta", "user": "docent4", "queries": {"keywords": {"reflecteren-studenten": 0.0, "onderwijsinnovatie": 0.0, "toetsing": 0.0}, "keywords|text": {"reflecteren-studenten": 0.2559580248098155, "onderwijsinnovatie": 0.5550821170909136, "toetsing": 0.13731229793568736}, "keywords|text|text_plain": {"reflecteren-studenten": 0.2559580248098155, "onderwijsinnovatie": 0.5550821170909136, "toetsing": 0.13731229793568736}, "keywords|text|text_plain|title^2": {"reflecteren-studenten": 0.0, "onderwijsinnovatie": 0.5550821170909136, "toetsing": 0.3808750527325095}, "keywords|text|text_plain|title^2|title_plain": {"reflecteren-studenten": 0.0, "onderwijsinnovatie": 0.5550821170909136, "toetsing": 0.3808750527325095}, "keywords|text|text_plain|title_plain": {"reflecteren-studenten": 0.23540891336663824, "onderwijsinnovatie": 0.5550821170909136, "toetsing": 0.3808750527325095}, "keywords|text|title^2": {"reflecteren-studenten": 0.0, "onderwijsinnovatie": 0.5550821170909136, "toetsing": 0.3808750527325095}, "keywords|text|title^2|title_plain": {"reflecteren-studenten": 0.0, "onderwijsinnovatie": 0.5550821170909136, "toetsing": 0.3808750527325095}, "keywords|text|title_plain": {"reflecteren-studenten": 0.22767024869695296, "onderwijsinnovatie": 0.5550821170909136, "toetsing": 0.3808750527325095}, "keywords|text_plain": {"reflecteren-studenten": 0.27023815442731974, "onderwijsinnovatie": 0.5550821170909136, "toetsing": 0.08663441429889376}, "keywords|text_plain|title^2": {"reflecteren-studenten": 0.0, "onderwijsinnovatie": 0.5550821170909136, "toetsing": 0.3628967874014595}, "keywords|text_plain|title^2|title_plain": {"reflecteren-studenten": 0.0, "onderwijsinnovatie": 0.5550821170909136, "toetsing": 0.3628967874014595}, "keywords|text_plain|title_plain": {"reflecteren-studenten": 0.23540891336663824, "onderwijsinnovatie": 0.5550821170909136, "toetsing": 0.3628967874014595}, "keywords|title^2": {"reflecteren-studenten": 0.0, "onderwijsinnovatie": 0.0, "toetsing": 0.4838709677419355}, "keywords|title^2|title_plain": {"reflecteren-studenten": 0.0, "onderwijsinnovatie": 0.0, "toetsing": 0.4838709677419355}, "keywords|title_plain": {"reflecteren-studenten": 0.0, "onderwijsinnovatie": 0.0, "toetsing": 0.4838709677419355}, "text": {"reflecteren-studenten": 0.0, "onderwijsinnovatie": 0.5550821170909136, "toetsing": 0.13731229793568736}, "text|text_plain": {"reflecteren-studenten": 0.22767024869695296, "onderwijsinnovatie": 0.5550821170909136, "toetsing": 0.13731229793568736}, "text|text_plain|title^2": {"reflecteren-studenten": 0.0, "onderwijsinnovatie": 0.5550821170909136, "toetsing": 0.3808750527325095}, "text|text_plain|title^2|title_plain": {"reflecteren-studenten": 0.0, "onderwijsinnovatie": 0.5550821170909136, "toetsing": 0.3808750527325095}, "text|text_plain|title_plain": {"reflecteren-studenten": 0.0, "onderwijsinnovatie": 0.5550821170909136, "toetsing": 0.3808750527325095}, "text|title^2": {"reflecteren-studenten": 0.0, "onderwijsinnovatie": 0.5550821170909136, "toetsing": 0.3808750527325095}, "text|title^2|title_plain": {"reflecteren-studenten": 0.0, "onderwijsinnovatie": 0.5550821170909136, "toetsing": 0.3808750527325095}, "text|title_plain": {"reflecteren-studenten": 0.0, "onderwijsinnovatie": 0.5550821170909136, "toetsing": 0.3808750527325095}, "text_plain": {"reflecteren-studenten": 0.23981246656813146, "onderwijsinnovatie": 0.5550821170909136, "toetsing": 0.08663441429889376}, "text_plain|title^2": {"reflecteren-studenten": 0.0, "onderwijsinnovatie": 0.5550821170909136, "toetsing": 0.3628967874014595}, "text_plain|title^2|title_plain": {"reflecteren-studenten": 0.0, "onderwijsinnovatie": 0.5550821170909136, "toetsing": 0.3628967874014595}, "text_plain|title_plain": {"reflecteren-studenten": 0.0, "onderwijsinnovatie": 0.5550821170909136, "toetsing": 0.3628967874014595}, "title^2": {"reflecteren-studenten": 0.0, "onderwijsinnovatie": 0.0, "toetsing": 0.4838709677419355}, "title^2|title_plain": {"reflecteren-studenten": 0.0, "onderwijsinnovatie": 0.0, "toetsing": 0.4838709677419355}, "title_plain": {"reflecteren-studenten": 0.0, "onderwijsinnovatie": 0.0, "toetsing": 0.4838709677419355}}}