{"freeze": "beta", "user": "docent3", "queries": {"keywords": {"de-adolecent": 0.0, "beroepsonderwijs": 0.0, "instructie": 0.0}, "keywords|text": {"de-adolecent": 0.0, "beroepsonderwijs": 0.1963605423446522, "instructie": 0.30404865971473627}, "keywords|text|text_plain": {"de-adolecent": 0.0, "beroepsonderwijs": 0.1691948795273982, "instructie": 0.4179947663790228}, "keywords|text|text_plain|title^2": {"de-adolecent": 0.0, "beroepsonderwijs": 0.2537923192910973, "instructie": 0.5672356733321481}, "keywords|text|text_plain|title^2|title_plain": {"de-adolecent": 0.0, "beroepsonderwijs": 0.2537923192910973, "instructie": 0.5672356733321481}, "keywords|text|text_plain|title_plain": {"de-adolecent": 0.0, "beroepsonderwijs": 0.2537923192910973, "instructie": 0.5100236537402019}, "keywords|text|title^2": {"de-adolecent": 0.0, "beroepsonderwijs": 0.2537923192910973, "instructie": 0.5245988386619879}, "keywords|text|title^2|title_plain": {"de-adolecent": 0.0, "beroepsonderwijs": 0.2537923192910973, "instructie": 0.5245988386619879}, "keywords|text|title_plain": {"de-adolecent": 0.0, "beroepsonderwijs": 0.2537923192910973, "instructie": 0.45655154160752354}, "keywords|text_plain": {"de-adolecent": 0.0, "beroepsonderwijs": 0.1527982015515015, "instructie": 0.30404865971473627}, "keywords|text_plain|title^2": {"de-adolecent": 0.0, "beroepsonderwijs": 0.2537923192910973, "instructie": 0.5245988386619879}, "keywords|text_plain|title^2|title_plain": {"de-adolecent": 0.0, "beroepsonderwijs": 0.2537923192910973, "instructie": 0.5245988386619879}, "keywords|text_plain|title_plain": {"de-adolecent": 0.0, "beroepsonderwijs": 0.2537923192910973, "instructie": 0.45655154160752354}, "keywords|title^2": {"de-adolecent": 0.0, "beroepsonderwijs": 0.2537923192910973, "instructie": 0.33276549271443734}, "keywords|title^2|title_plain": {"de-adolecent": 0.0, "beroepsonderwijs": 0.2537923192910973, "instructie": 0.33276549271443734}, "keywords|title_plain": {"de-adolecent": 0.0, "beroepsonderwijs": 0.2537923192910973, "instructie": 0.33276549271443734}, "text": {"de-adolecent": 0.0, "beroepsonderwijs": 0.1963605423446522, "instructie": 0.5140685066929835}, "text|text_plain": {"de-adolecent": 0.0, "beroepsonderwijs": 0.1691948795273982, "instructie": 0.5005440586529518}, "text|text_plain|title^2": {"de-adolecent": 0.0, "beroepsonderwijs": 0.2537923192910973, "instructie": 0.5715296103986252}, "text|text_plain|title^2|title_plain": {"de-adolecent": 0.0, "beroepsonderwijs": 0.2537923192910973, "instructie": 0.5715296103986252}, "text|text_plain|title_plain": {"de-adolecent": 0.0, "beroepsonderwijs": 0.2537923192910973, "instructie": 0.5667456366450775}, "text|title^2": {"de-adolecent": 0.0, "beroepsonderwijs": 0.2537923192910973, "instructie": 0.5751567547450178}, "text|title^2|title_plain": {"de-adolecent": 0.0, "beroepsonderwijs": 0.2537923192910973, "instructie": 0.5751567547450178}, "text|title_plain": {"de-adolecent": 0.0, "beroepsonderwijs": 0.2537923192910973, "instructie": 0.590929081146075}, "text_plain": {"de-adolecent": 0.0, "beroepsonderwijs": 0.1527982015515015, "instructie": 0.34011367092243316}, "text_plain|title^2": {"de-adolecent": 0.0, "beroepsonderwijs": 0.2537923192910973, "instructie": 0.556923377510904}, "text_plain|title^2|title_plain": {"de-adolecent": 0.0, "beroepsonderwijs": 0.2537923192910973, "instructie": 0.556923377510904}, "text_plain|title_plain": {"de-adolecent": 0.0, "beroepsonderwijs": 0.2537923192910973, "instructie": 0.561905555403533}, "title^2": {"de-adolecent": 0.0, "beroepsonderwijs": 0.2537923192910973, "instructie": 0.44136095765042366}, "title^2|title_plain": {"de-adolecent": 0.0, "beroepsonderwijs": 0.2537923192910973, "instructie": 0.44136095765042366}, "title_plain": {"de-adolecent": 0.0, "beroepsonderwijs": 0.2537923192910973, "instructie": 0.47988581193124524}}}