{"freeze": "beta", "user": "docent3", "queries": {"keywords": {"de-adolecent": 0.0, "beroepsonderwijs": 0.0, "instructie": 0.0}, "keywords|text": {"de-adolecent": 0.0, "beroepsonderwijs": 0.19375, "instructie": 0.3229166666666667}, "keywords|text|text_plain": {"de-adolecent": 0.0, "beroepsonderwijs": 0.13839285714285715, "instructie": 0.48483072916666664}, "keywords|text|text_plain|title^2": {"de-adolecent": 0.0, "beroepsonderwijs": 0.3229166666666667, "instructie": 0.35654249406398686}, "keywords|text|text_plain|title^2|title_plain": {"de-adolecent": 0.0, "beroepsonderwijs": 0.3229166666666667, "instructie": 0.35654249406398686}, "keywords|text|text_plain|title_plain": {"de-adolecent": 0.0, "beroepsonderwijs": 0.3229166666666667, "instructie": 0.28544571525172185}, "keywords|text|title^2": {"de-adolecent": 0.0, "beroepsonderwijs": 0.3229166666666667, "instructie": 0.3515586853027344}, "keywords|text|title^2|title_plain": {"de-adolecent": 0.0, "beroepsonderwijs": 0.3229166666666667, "instructie": 0.3515586853027344}, "keywords|text|title_plain": {"de-adolecent": 0.0, "beroepsonderwijs": 0.3229166666666667, "instructie": 0.2429974873860677}, "keywords|text_plain": {"de-adolecent": 0.0, "beroepsonderwijs": 0.1076388888888889, "instructie": 0.3229166666666667}, "keywords|text_plain|title^2": {"de-adolecent": 0.0, "beroepsonderwijs": 0.3229166666666667, "instructie": 0.3515586853027344}, "keywords|text_plain|title^2|title_plain": {"de-adolecent": 0.0, "beroepsonderwijs": 0.3229166666666667, "instructie": 0.3515586853027344}, "keywords|text_plain|title_plain": {"de-adolecent": 0.0, "beroepsonderwijs": 0.3229166666666667, "instructie": 0.2429974873860677}, "keywords|title^2": {"de-adolecent": 0.0, "beroepsonderwijs": 0.3229166666666667, "instructie": 0.3173828125}, "keywords|title^2|title_plain": {"de-adolecent": 0.0, "beroepsonderwijs": 0.3229166666666667, "instructie": 0.3173828125}, "keywords|title_plain": {"de-adolecent": 0.0, "beroepsonderwijs": 0.3229166666666667, "instructie": 0.3173828125}, "text": {"de-adolecent": 0.0, "beroepsonderwijs": 0.19375, "instructie": 0.48662250225360576}, "text|text_plain": {"de-adolecent": 0.0, "beroepsonderwijs": 0.13839285714285715, "instructie": 0.485992431640625}, "text|text_plain|title^2": {"de-adolecent": 0.0, "beroepsonderwijs": 0.3229166666666667, "instructie": 0.3565893592415275}, "text|text_plain|title^2|title_plain": {"de-adolecent": 0.0, "beroepsonderwijs": 0.3229166666666667, "instructie": 0.3565893592415275}, "text|text_plain|title_plain": {"de-adolecent": 0.0, "beroepsonderwijs": 0.3229166666666667, "instructie": 0.3639069080352783}, "text|title^2": {"de-adolecent": 0.0, "beroepsonderwijs": 0.3229166666666667, "instructie": 0.3566338811601911}, "text|title^2|title_plain": {"de-adolecent": 0.0, "beroepsonderwijs": 0.3229166666666667, "instructie": 0.3566338811601911}, "text|title_plain": {"de-adolecent": 0.0, "beroepsonderwijs": 0.3229166666666667, "instructie": 0.3515534162521362}, "text_plain": {"de-adolecent": 0.0, "beroepsonderwijs": 0.1076388888888889, "instructie": 0.32344250801282054}, "text_plain|title^2": {"de-adolecent": 0.0, "beroepsonderwijs": 0.3229166666666667, "instructie": 0.35166586769951713}, "text_plain|title^2|title_plain": {"de-adolecent": 0.0, "beroepsonderwijs": 0.3229166666666667, "instructie": 0.35166586769951713}, "text_plain|title_plain": {"de-adolecent": 0.0, "beroepsonderwijs": 0.3229166666666667, "instructie": 0.34231217702229816}, "title^2": {"de-adolecent": 0.0, "beroepsonderwijs": 0.3229166666666667, "instructie": 0.5517578125}, "title^2|title_plain": {"de-adolecent": 0.0, "beroepsonderwijs": 0.3229166666666667, "instructie": 0.5517578125}, "title_plain": {"de-adolecent": 0.0, "beroepsonderwijs": 0.3229166666666667, "instructie": 0.59326171875}}}