{"freeze": "beta", "user": "docent7", "queries": {"keywords": {"lab-safety": 0.0, "mutant": 0.96875, "pcr-machine": 0.0, "cellulose": 0.59716796875, "scientific-writing": 0.9792033494450152}, "keywords|text": {"lab-safety": 0.2841796875, "mutant": 0.3253580729166667, "pcr-machine": 0.46875, "cellulose": 0.9735031127929688, "scientific-writing": 0.9841268520491818}, "keywords|text|text_plain": {"lab-safety": 0.3173828125, "mutant": 0.3253580729166667, "pcr-machine": 0.46875, "cellulose": 0.9735031127929688, "scientific-writing": 0.9841200968561072}, "keywords|text|text_plain|title^2": {"lab-safety": 0.5517578125, "mutant": 0.3253580729166667, "pcr-machine": 0.46875, "cellulose": 0.9735031127929688, "scientific-writing": 0.98414592553551}, "keywords|text|text_plain|title^2|title_plain": {"lab-safety": 0.5517578125, "mutant": 0.3253580729166667, "pcr-machine": 0.46875, "cellulose": 0.9735031127929688, "scientific-writing": 0.98414592553551}, "keywords|text|text_plain|title_plain": {"lab-safety": 0.3173828125, "mutant": 0.3253580729166667, "pcr-machine": 0.46875, "cellulose": 0.9735031127929688, "scientific-writing": 0.98414592553551}, "keywords|text|title^2": {"lab-safety": 0.296630859375, "mutant": 0.3253580729166667, "pcr-machine": 0.46875, "cellulose": 0.9735031127929688, "scientific-writing": 0.98420696069176}, "keywords|text|title^2|title_plain": {"lab-safety": 0.296630859375, "mutant": 0.3253580729166667, "pcr-machine": 0.46875, "cellulose": 0.9735031127929688, "scientific-writing": 0.98420696069176}, "keywords|text|title_plain": {"lab-safety": 0.5517578125, "mutant": 0.3253580729166667, "pcr-machine": 0.46875, "cellulose": 0.9735031127929688, "scientific-writing": 0.98414592553551}, "keywords|text_plain": {"lab-safety": 0.3173828125, "mutant": 0.484375, "pcr-machine": 0.46875, "cellulose": 0.9739481608072916, "scientific-writing": 0.9841200968561072}, "keywords|text_plain|title^2": {"lab-safety": 0.296630859375, "mutant": 0.484375, "pcr-machine": 0.46875, "cellulose": 0.9739481608072916, "scientific-writing": 0.98414592553551}, "keywords|text_plain|title^2|title_plain": {"lab-safety": 0.296630859375, "mutant": 0.484375, "pcr-machine": 0.46875, "cellulose": 0.9739481608072916, "scientific-writing": 0.98420696069176}, "keywords|text_plain|title_plain": {"lab-safety": 0.5517578125, "mutant": 0.484375, "pcr-machine": 0.46875, "cellulose": 0.9739481608072916, "scientific-writing": 0.98414592553551}, "keywords|title^2": {"lab-safety": 0.2060546875, "mutant": 0.96875, "pcr-machine": 0.234375, "cellulose": 0.97216796875, "scientific-writing": 0.98420696069176}, "keywords|title^2|title_plain": {"lab-safety": 0.296630859375, "mutant": 0.96875, "pcr-machine": 0.234375, "cellulose": 0.97216796875, "scientific-writing": 0.98420696069176}, "keywords|title_plain": {"lab-safety": 0.3173828125, "mutant": 0.96875, "pcr-machine": 0.46875, "cellulose": 0.97216796875, "scientific-writing": 0.98023967553551}, "text": {"lab-safety": 0.2841796875, "mutant": 0.3253580729166667, "pcr-machine": 0.46875, "cellulose": 0.973236083984375, "scientific-writing": 0.9791767282544502}, "text|text_plain": {"lab-safety": 0.3173828125, "mutant": 0.3253580729166667, "pcr-machine": 0.46875, "cellulose": 0.973236083984375, "scientific-writing": 0.9791792115041366}, "text|text_plain|title^2": {"lab-safety": 0.5517578125, "mutant": 0.3253580729166667, "pcr-machine": 0.46875, "cellulose": 0.973236083984375, "scientific-writing": 0.98414592553551}, "text|text_plain|title^2|title_plain": {"lab-safety": 0.5517578125, "mutant": 0.3253580729166667, "pcr-machine": 0.46875, "cellulose": 0.973236083984375, "scientific-writing": 0.98414592553551}, "text|text_plain|title_plain": {"lab-safety": 0.3173828125, "mutant": 0.3253580729166667, "pcr-machine": 0.46875, "cellulose": 0.973236083984375, "scientific-writing": 0.9841268520491818}, "text|title^2": {"lab-safety": 0.531005859375, "mutant": 0.3253580729166667, "pcr-machine": 0.46875, "cellulose": 0.973236083984375, "scientific-writing": 0.98420696069176}, "text|title^2|title_plain": {"lab-safety": 0.531005859375, "mutant": 0.3253580729166667, "pcr-machine": 0.46875, "cellulose": 0.973236083984375, "scientific-writing": 0.98420696069176}, "text|title_plain": {"lab-safety": 0.5517578125, "mutant": 0.3253580729166667, "pcr-machine": 0.46875, "cellulose": 0.973236083984375, "scientific-writing": 0.98414592553551}, "text_plain": {"lab-safety": 0.3173828125, "mutant": 0.484375, "pcr-machine": 0.46875, "cellulose": 0.973236083984375, "scientific-writing": 0.9791807917539369}, "text_plain|title^2": {"lab-safety": 0.531005859375, "mutant": 0.484375, "pcr-machine": 0.46875, "cellulose": 0.973236083984375, "scientific-writing": 0.98420696069176}, "text_plain|title^2|title_plain": {"lab-safety": 0.531005859375, "mutant": 0.484375, "pcr-machine": 0.46875, "cellulose": 0.973236083984375, "scientific-writing": 0.98420696069176}, "text_plain|title_plain": {"lab-safety": 0.5517578125, "mutant": 0.484375, "pcr-machine": 0.46875, "cellulose": 0.973236083984375, "scientific-writing": 0.9841268520491818}, "title^2": {"lab-safety": 0.2060546875, "mutant": 0.0, "pcr-machine": 0.234375, "cellulose": 0.96875, "scientific-writing": 0.9842037359873453}, "title^2|title_plain": {"lab-safety": 0.296630859375, "mutant": 0.0, "pcr-machine": 0.234375, "cellulose": 0.96875, "scientific-writing": 0.9842037359873453}, "title_plain": {"lab-safety": 0.5517578125, "mutant": 0.0, "pcr-machine": 0.46875, "cellulose": 0.96875, "scientific-writing": 0.9841427008310953}}}