{"freeze": "beta", "user": "docent6", "queries": {"keywords": {"onderzoeksaanpak-visualiseren": 0.014583333333333334, "datavisualisatie": 0.0, "scannend-lezen": 0.0, "onderzoeksruimte-veld": 0.0, "mindmappen": 0.0, "onderzoek-aanpak": 0.0, "begrijpend-lezen": 0.19631747465867264}, "keywords|text": {"onderzoeksaanpak-visualiseren": 0.38866751534598215, "datavisualisatie": 0.3229166666666667, "scannend-lezen": 0.30419921875, "onderzoeksruimte-veld": 0.3229166666666667, "mindmappen": 0.46875, "onderzoek-aanpak": 0.40592447916666663, "begrijpend-lezen": 0.4865534593770792}, "keywords|text|text_plain": {"onderzoeksaanpak-visualiseren": 0.38866751534598215, "datavisualisatie": 0.3229166666666667, "scannend-lezen": 0.30419921875, "onderzoeksruimte-veld": 0.3229166666666667, "mindmappen": 0.46875, "onderzoek-aanpak": 0.597412109375, "begrijpend-lezen": 0.24433700854961687}, "keywords|text|text_plain|title^2": {"onderzoeksaanpak-visualiseren": 0.38866751534598215, "datavisualisatie": 0.484375, "scannend-lezen": 0.152099609375, "onderzoeksruimte-veld": 0.3229166666666667, "mindmappen": 0.46875, "onderzoek-aanpak": 0.46875, "begrijpend-lezen": 0.11692155353606694}, "keywords|text|text_plain|title^2|title_plain": {"onderzoeksaanpak-visualiseren": 0.38866751534598215, "datavisualisatie": 0.484375, "scannend-lezen": 0.07367621527777778, "onderzoeksruimte-veld": 0.3229166666666667, "mindmappen": 0.46875, "onderzoek-aanpak": 0.46875, "begrijpend-lezen": 0.12743316377912248}, "keywords|text|text_plain|title_plain": {"onderzoeksaanpak-visualiseren": 0.38866751534598215, "datavisualisatie": 0.96875, "scannend-lezen": 0.30419921875, "onderzoeksruimte-veld": 0.3229166666666667, "mindmappen": 0.46875, "onderzoek-aanpak": 0.5545247395833334, "begrijpend-lezen": 0.24423279176344284}, "keywords|text|title^2": {"onderzoeksaanpak-visualiseren": 0.38866751534598215, "datavisualisatie": 0.484375, "scannend-lezen": 0.046332465277777776, "onderzoeksruimte-veld": 0.3229166666666667, "mindmappen": 0.46875, "onderzoek-aanpak": 0.15625, "begrijpend-lezen": 0.11766753877912249}, "keywords|text|title^2|title_plain": {"onderzoeksaanpak-visualiseren": 0.38866751534598215, "datavisualisatie": 0.484375, "scannend-lezen": 0.012867647058823529, "onderzoeksruimte-veld": 0.3229166666666667, "mindmappen": 0.46875, "onderzoek-aanpak": 0.15625, "begrijpend-lezen": 0.1221349731324211}, "keywords|text|title_plain": {"onderzoeksaanpak-visualiseren": 0.38866751534598215, "datavisualisatie": 0.96875, "scannend-lezen": 0.30419921875, "onderzoeksruimte-veld": 0.3229166666666667, "mindmappen": 0.46875, "onderzoek-aanpak": 0.5422712053571429, "begrijpend-lezen": 0.24423279176344284}, "keywords|text_plain": {"onderzoeksaanpak-visualiseren": 0.38866751534598215, "datavisualisatie": 0.3229166666666667, "scannend-lezen": 0.30419921875, "onderzoeksruimte-veld": 0.3229166666666667, "mindmappen": 0.46875, "onderzoek-aanpak": 0.6402994791666666, "begrijpend-lezen": 0.19589950854961688}, "keywords|text_plain|title^2": {"onderzoeksaanpak-visualiseren": 0.38866751534598215, "datavisualisatie": 0.484375, "scannend-lezen": 0.0888671875, "onderzoeksruimte-veld": 0.3229166666666667, "mindmappen": 0.46875, "onderzoek-aanpak": 0.234375, "begrijpend-lezen": 0.11766753877912249}, "keywords|text_plain|title^2|title_plain": {"onderzoeksaanpak-visualiseren": 0.38866751534598215, "datavisualisatie": 0.484375, "scannend-lezen": 0.04443359375, "onderzoeksruimte-veld": 0.3229166666666667, "mindmappen": 0.46875, "onderzoek-aanpak": 0.15625, "begrijpend-lezen": 0.1221349731324211}, "keywords|text_plain|title_plain": {"onderzoeksaanpak-visualiseren": 0.38866751534598215, "datavisualisatie": 0.96875, "scannend-lezen": 0.30419921875, "onderzoeksruimte-veld": 0.3229166666666667, "mindmappen": 0.46875, "onderzoek-aanpak": 0.5716796875, "begrijpend-lezen": 0.24423279176344284}, "keywords|title^2": {"onderzoeksaanpak-visualiseren": 0.014583333333333334, "datavisualisatie": 0.484375, "scannend-lezen": 0.0, "onderzoeksruimte-veld": 0.0, "mindmappen": 0.46875, "onderzoek-aanpak": 0.033482142857142856, "begrijpend-lezen": 0.1221318244934082}, "keywords|title^2|title_plain": {"onderzoeksaanpak-visualiseren": 0.014583333333333334, "datavisualisatie": 0.484375, "scannend-lezen": 0.0, "onderzoeksruimte-veld": 0.0, "mindmappen": 0.46875, "onderzoek-aanpak": 0.046875, "begrijpend-lezen": 0.1265992588467068}, "keywords|title_plain": {"onderzoeksaanpak-visualiseren": 0.014583333333333334, "datavisualisatie": 0.484375, "scannend-lezen": 0.0, "onderzoeksruimte-veld": 0.0, "mindmappen": 0.46875, "onderzoek-aanpak": 0.046875, "begrijpend-lezen": 0.1958679806102406}, "text": {"onderzoeksaanpak-visualiseren": 0.45201873779296875, "datavisualisatie": 0.3229166666666667, "scannend-lezen": 0.36862578615546227, "onderzoeksruimte-veld": 0.3229166666666667, "mindmappen": 0.46875, "onderzoek-aanpak": 0.284912109375, "begrijpend-lezen": 0.24352010091145834}, "text|text_plain": {"onderzoeksaanpak-visualiseren": 0.45201873779296875, "datavisualisatie": 0.3229166666666667, "scannend-lezen": 0.35153912131985027, "onderzoeksruimte-veld": 0.3229166666666667, "mindmappen": 0.46875, "onderzoek-aanpak": 0.24202473958333331, "begrijpend-lezen": 0.1395638420468285}, "text|text_plain|title^2": {"onderzoeksaanpak-visualiseren": 0.45201873779296875, "datavisualisatie": 0.484375, "scannend-lezen": 0.30419921875, "onderzoeksruimte-veld": 0.3229166666666667, "mindmappen": 0.46875, "onderzoek-aanpak": 0.234375, "begrijpend-lezen": 0.11680727395397879}, "text|text_plain|title^2|title_plain": {"onderzoeksaanpak-visualiseren": 0.45201873779296875, "datavisualisatie": 0.484375, "scannend-lezen": 0.261474609375, "onderzoeksruimte-veld": 0.3229166666666667, "mindmappen": 0.46875, "onderzoek-aanpak": 0.46875, "begrijpend-lezen": 0.12202069355033295}, "text|text_plain|title_plain": {"onderzoeksaanpak-visualiseren": 0.45201873779296875, "datavisualisatie": 0.96875, "scannend-lezen": 0.3293182214386345, "onderzoeksruimte-veld": 0.3229166666666667, "mindmappen": 0.46875, "onderzoek-aanpak": 0.5330810546875, "begrijpend-lezen": 0.14001553399222239}, "text|title^2": {"onderzoeksaanpak-visualiseren": 0.45201873779296875, "datavisualisatie": 0.484375, "scannend-lezen": 0.0888671875, "onderzoeksruimte-veld": 0.3229166666666667, "mindmappen": 0.46875, "onderzoek-aanpak": 0.052083333333333336, "begrijpend-lezen": 0.11757103602091472}, "text|title^2|title_plain": {"onderzoeksaanpak-visualiseren": 0.45201873779296875, "datavisualisatie": 0.484375, "scannend-lezen": 0.03984177714646465, "onderzoeksruimte-veld": 0.3229166666666667, "mindmappen": 0.46875, "onderzoek-aanpak": 0.09375, "begrijpend-lezen": 0.12722902688366627}, "text|title_plain": {"onderzoeksaanpak-visualiseren": 0.45201873779296875, "datavisualisatie": 0.96875, "scannend-lezen": 0.3164416990782085, "onderzoeksruimte-veld": 0.3229166666666667, "mindmappen": 0.46875, "onderzoek-aanpak": 0.2987060546875, "begrijpend-lezen": 0.14620694660005115}, "text_plain": {"onderzoeksaanpak-visualiseren": 0.45201873779296875, "datavisualisatie": 0.3229166666666667, "scannend-lezen": 0.35153912131985027, "onderzoeksruimte-veld": 0.3229166666666667, "mindmappen": 0.46875, "onderzoek-aanpak": 0.3373046875, "begrijpend-lezen": 0.1395638420468285}, "text_plain|title^2": {"onderzoeksaanpak-visualiseren": 0.45201873779296875, "datavisualisatie": 0.484375, "scannend-lezen": 0.30419921875, "onderzoeksruimte-veld": 0.3229166666666667, "mindmappen": 0.46875, "onderzoek-aanpak": 0.09375, "begrijpend-lezen": 0.11755325919703434}, "text_plain|title^2|title_plain": {"onderzoeksaanpak-visualiseren": 0.45201873779296875, "datavisualisatie": 0.484375, "scannend-lezen": 0.0888671875, "onderzoeksruimte-veld": 0.3229166666666667, "mindmappen": 0.46875, "onderzoek-aanpak": 0.15625, "begrijpend-lezen": 0.12202069355033295}, "text_plain|title_plain": {"onderzoeksaanpak-visualiseren": 0.45201873779296875, "datavisualisatie": 0.96875, "scannend-lezen": 0.3186796412748449,