{"freeze": "beta", "user": "docent1", "queries": {"keywords": {"longkanker": 0.0, "calcium-antagonist": 0.0, "daibetes-mellitus": 0.96875, "dna": 0.0, "diabetes-mellitus": 0.9842020670572916, "amoxicilline": 0.0, "furosemide": 0.0, "dopamine": 0.0, "hartfalen": 0.0}, "keywords|text": {"longkanker": 0.21875, "calcium-antagonist": 0.96875, "daibetes-mellitus": 0.974991242090861, "dna": 0.078125, "diabetes-mellitus": 0.9758403891441868, "amoxicilline": 0.96875, "furosemide": 0.96875, "dopamine": 0.591705322265625, "hartfalen": 0.1455722384982639}, "keywords|text|text_plain": {"longkanker": 0.21875, "calcium-antagonist": 0.96875, "daibetes-mellitus": 0.974991242090861, "dna": 0.05859375, "diabetes-mellitus": 0.9759172034335502, "amoxicilline": 0.96875, "furosemide": 0.96875, "dopamine": 0.591705322265625, "hartfalen": 0.10911390516493055}, "keywords|text|text_plain|title^2": {"longkanker": 0.21875, "calcium-antagonist": 0.96875, "daibetes-mellitus": 0.9790804435188573, "dna": 0.0234375, "diabetes-mellitus": 0.9842048535123468, "amoxicilline": 0.96875, "furosemide": 0.96875, "dopamine": 0.591705322265625, "hartfalen": 0.07609015570746527}, "keywords|text|text_plain|title^2|title_plain": {"longkanker": 0.21875, "calcium-antagonist": 0.96875, "daibetes-mellitus": 0.9790804435188573, "dna": 0.0234375, "diabetes-mellitus": 0.9842048535123468, "amoxicilline": 0.96875, "furosemide": 0.96875, "dopamine": 0.591705322265625, "hartfalen": 0.07609015570746527}, "keywords|text|text_plain|title_plain": {"longkanker": 0.21875, "calcium-antagonist": 0.96875, "daibetes-mellitus": 0.9770985673004318, "dna": 0.03125, "diabetes-mellitus": 0.9786687827048202, "amoxicilline": 0.96875, "furosemide": 0.96875, "dopamine": 0.591705322265625, "hartfalen": 0.0894012451171875}, "keywords|text|title^2": {"longkanker": 0.21875, "calcium-antagonist": 0.96875, "daibetes-mellitus": 0.9790804435188573, "dna": 0.0234375, "diabetes-mellitus": 0.9842048535123468, "amoxicilline": 0.96875, "furosemide": 0.96875, "dopamine": 0.591705322265625, "hartfalen": 0.07609015570746527}, "keywords|text|title^2|title_plain": {"longkanker": 0.21875, "calcium-antagonist": 0.96875, "daibetes-mellitus": 0.9790804435188573, "dna": 0.0234375, "diabetes-mellitus": 0.9842048535123468, "amoxicilline": 0.96875, "furosemide": 0.96875, "dopamine": 0.591705322265625, "hartfalen": 0.07609015570746527}, "keywords|text|title_plain": {"longkanker": 0.21875, "calcium-antagonist": 0.96875, "daibetes-mellitus": 0.9774535474134609, "dna": 0.027573529411764705, "diabetes-mellitus": 0.9801946616110702, "amoxicilline": 0.96875, "furosemide": 0.96875, "dopamine": 0.591705322265625, "hartfalen": 0.0894012451171875}, "keywords|text_plain": {"longkanker": 0.21875, "calcium-antagonist": 0.96875, "daibetes-mellitus": 0.974991242090861, "dna": 0.05859375, "diabetes-mellitus": 0.9759786703830792, "amoxicilline": 0.96875, "furosemide": 0.96875, "dopamine": 0.591705322265625, "hartfalen": 0.10911390516493055}, "keywords|text_plain|title^2": {"longkanker": 0.21875, "calcium-antagonist": 0.96875, "daibetes-mellitus": 0.9790804435188573, "dna": 0.0234375, "diabetes-mellitus": 0.9842048535123468, "amoxicilline": 0.96875, "furosemide": 0.96875, "dopamine": 0.591705322265625, "hartfalen": 0.07609015570746527}, "keywords|text_plain|title^2|title_plain": {"longkanker": 0.21875, "calcium-antagonist": 0.96875, "daibetes-mellitus": 0.9790804435188573, "dna": 0.0234375, "diabetes-mellitus": 0.9842048535123468, "amoxicilline": 0.96875, "furosemide": 0.96875, "dopamine": 0.591705322265625, "hartfalen": 0.07609015570746527}, "keywords|text_plain|title_plain": {"longkanker": 0.21875, "calcium-antagonist": 0.96875, "daibetes-mellitus": 0.9777298238394516, "dna": 0.027573529411764705, "diabetes-mellitus": 0.9802381730017562, "amoxicilline": 0.96875, "furosemide": 0.96875, "dopamine": 0.591705322265625, "hartfalen": 0.0894012451171875}, "keywords|title^2": {"longkanker": 0.0, "calcium-antagonist": 0.0, "daibetes-mellitus": 0.9790776570638021, "dna": 0.0, "diabetes-mellitus": 0.9842020670572916, "amoxicilline": 0.0, "furosemide": 0.96875, "dopamine": 0.46875, "hartfalen": 0.0}, "keywords|title^2|title_plain": {"longkanker": 0.0, "calcium-antagonist": 0.0, "daibetes-mellitus": 0.9790776570638021, "dna": 0.0, "diabetes-mellitus": 0.9842020670572916, "amoxicilline": 0.0, "furosemide": 0.96875, "dopamine": 0.46875, "hartfalen": 0.0}, "keywords|title_plain": {"longkanker": 0.0, "calcium-antagonist": 0.0, "daibetes-mellitus": 0.9790776570638021, "dna": 0.0, "diabetes-mellitus": 0.9841232299804688, "amoxicilline": 0.0, "furosemide": 0.96875, "dopamine": 0.46875, "hartfalen": 0.0}, "text": {"longkanker": 0.21875, "calcium-antagonist": 0.96875, "daibetes-mellitus": 0.599991242090861, "dna": 0.078125, "diabetes-mellitus": 0.599991242090861, "amoxicilline": 0.96875, "furosemide": 0.96875, "dopamine": 0.591705322265625, "hartfalen": 0.1455722384982639}, "text|text_plain": {"longkanker": 0.21875, "calcium-antagonist": 0.96875, "daibetes-mellitus": 0.599991242090861, "dna": 0.05859375, "diabetes-mellitus": 0.6003404880563418, "amoxicilline": 0.96875, "furosemide": 0.96875, "dopamine": 0.591705322265625, "hartfalen": 0.10911390516493055}, "text|text_plain|title^2": {"longkanker": 0.21875, "calcium-antagonist": 0.96875, "daibetes-mellitus": 0.9790804435188573, "dna": 0.0234375, "diabetes-mellitus": 0.9842048535123468, "amoxicilline": 0.96875, "furosemide": 0.96875, "dopamine": 0.591705322265625, "hartfalen": 0.07609015570746527}, "text|text_plain|title^2|title_plain": {"longkanker": 0.21875, "calcium-antagonist": 0.96875, "daibetes-mellitus": 0.9790804435188573, "dna": 0.0234375, "diabetes-mellitus": 0.9842048535123468, "amoxicilline": 0.96875, "furosemide": 0.96875, "dopamine": 0.591705322265625, "hartfalen": 0.07609015570746527}, "text|text_plain|title_plain": {"longkanker": 0.21875, "calcium-antagonist": 0.96875, "daibetes-mellitus": 0.9770985673004318, "dna": 0.03125, "diabetes-mellitus": 0.6029535269675155, "amoxicilline": 0.96875, "furosemide": 0.96875, "dopamine": 0.591705322265625, "hartfalen": 0.0894012451171875}, "text|title^2": {"longkanker": 0.21875, "calcium-antagonist": 0.96875, "daibetes-mellitus": 0.9790804435188573, "dna": 0.0234375, "diabetes-mellitus": 0.9842048535123468, "amoxicilline": 0.96875, "furosemide": 0.96875, "dopamine": 0.591705322265625, "hartfalen": 0.07609015570746527}, "text|title^2|title_plain": {"longkanker": 0.21875, "calcium-antagonist": 0.96875, "daibetes-mellitus": 0.9790804435188573, "dna": 0.0234375, "diabetes-mellitus": 0.9842048535123468, "amoxicilline": 0.96875, "furosemide": 0.96875, "dopamine": 0.591705322265625, "hartfalen": 0.07609015570746527}, "text|title_plain": {"longkanker": 0.21875, "calcium-antagonist": 0.96875, "daibetes-mellitus": 0.9774535474134609, "dna": 0.027573529411764705, "diabetes-mellitus": 0.6029535269675155, "amoxicilline": 0.96875, "furosemide": 0.96875, "dopamine": 0.591705322265625, "hartfalen": 0.0894012451171875}, "text_plain": {"longkanker": 0.21875, "calcium-antagonist": 0.96875, "daibetes-mellitus": 0.599991242090861, "dna": 0.05859375, "diabetes-mellitus": 0.599991242090861, "amoxicilline": 0.96875, "furosemide": 0.96875, "dopamine": 0.591705322265625, "hartfalen": 0.10911390516493055}, "text_plain|title^2": {"longkanker": 0.21875, "calcium-antagonist": 0.96875, "daibetes-mellitus": 0.9790804435188573, "dna": 0.0234375, "diabetes-mellitus": 0.9842048535123468, "amoxicilline": 0.96875, "furosemide": 0.96875, "dopamine": 0.591705322265625, "hartfalen": 0.07609015570746527}, "text_plain|title^2|title_plain": {"longkanker": 0.21875, "calcium-antagonist": 0.96875, "daibetes-mellitus": 0.9790804435188573, "dna": 0.0234375, "diabetes-mellitus": 0.9842048535123468, "amoxicilline": 0.96875, "furosemide": 0.96875, "dopamine": 0.591705322265625, "hartfalen": 0.07609015570746527}, "text_plain|title_plain": {"longkanker": 0.21875, "calcium-antagonist": 0.96875, "daibetes-mellitus": 0.9777298238394516,