{"freeze": "beta", "user": "docent5", "queries": {"keywords": {"crispr-cas": 0.0, "pcr-reactie": 0.0, "restrictie-enzym": 0.0, "dna-replicatie": 0.0, "fotosynthese": 0.0, "osmose": 0.0, "sequencing": 0.0}, "keywords|text": {"crispr-cas": 0.3408203125, "pcr-reactie": 0.2421875, "restrictie-enzym": 0.0, "dna-replicatie": 0.32686941964285715, "fotosynthese": 0.330902099609375, "osmose": 0.2731119791666667, "sequencing": 0.46875}, "keywords|text|text_plain": {"crispr-cas": 0.3408203125, "pcr-reactie": 0.2421875, "restrictie-enzym": 0.0, "dna-replicatie": 0.21749441964285715, "fotosynthese": 0.3264516194661458, "osmose": 0.2731119791666667, "sequencing": 0.46875}, "keywords|text|text_plain|title^2": {"crispr-cas": 0.3408203125, "pcr-reactie": 0.484375, "restrictie-enzym": 0.0, "dna-replicatie": 0.12697637648809523, "fotosynthese": 0.3264516194661458, "osmose": 0.2731119791666667, "sequencing": 0.46875}, "keywords|text|text_plain|title^2|title_plain": {"crispr-cas": 0.3408203125, "pcr-reactie": 0.484375, "restrictie-enzym": 0.0, "dna-replicatie": 0.12337239583333334, "fotosynthese": 0.3264516194661458, "osmose": 0.2731119791666667, "sequencing": 0.46875}, "keywords|text|text_plain|title_plain": {"crispr-cas": 0.3408203125, "pcr-reactie": 0.3229166666666667, "restrictie-enzym": 0.0, "dna-replicatie": 0.21749441964285715, "fotosynthese": 0.3264516194661458, "osmose": 0.2731119791666667, "sequencing": 0.46875}, "keywords|text|title^2": {"crispr-cas": 0.3408203125, "pcr-reactie": 0.484375, "restrictie-enzym": 0.0, "dna-replicatie": 0.15667724609375, "fotosynthese": 0.330902099609375, "osmose": 0.2731119791666667, "sequencing": 0.46875}, "keywords|text|title^2|title_plain": {"crispr-cas": 0.3408203125, "pcr-reactie": 0.484375, "restrictie-enzym": 0.0, "dna-replicatie": 0.12021891276041667, "fotosynthese": 0.330902099609375, "osmose": 0.2731119791666667, "sequencing": 0.46875}, "keywords|text|title_plain": {"crispr-cas": 0.3408203125, "pcr-reactie": 0.3229166666666667, "restrictie-enzym": 0.0, "dna-replicatie": 0.21749441964285715, "fotosynthese": 0.330902099609375, "osmose": 0.2731119791666667, "sequencing": 0.46875}, "keywords|text_plain": {"crispr-cas": 0.3408203125, "pcr-reactie": 0.2421875, "restrictie-enzym": 0.0, "dna-replicatie": 0.21749441964285715, "fotosynthese": 0.3264516194661458, "osmose": 0.2731119791666667, "sequencing": 0.4793146306818182}, "keywords|text_plain|title^2": {"crispr-cas": 0.3408203125, "pcr-reactie": 0.484375, "restrictie-enzym": 0.0, "dna-replicatie": 0.15667724609375, "fotosynthese": 0.3264516194661458, "osmose": 0.2731119791666667, "sequencing": 0.4793146306818182}, "keywords|text_plain|title^2|title_plain": {"crispr-cas": 0.3408203125, "pcr-reactie": 0.484375, "restrictie-enzym": 0.0, "dna-replicatie": 0.12021891276041667, "fotosynthese": 0.3264516194661458, "osmose": 0.2731119791666667, "sequencing": 0.4793146306818182}, "keywords|text_plain|title_plain": {"crispr-cas": 0.3408203125, "pcr-reactie": 0.3229166666666667, "restrictie-enzym": 0.0, "dna-replicatie": 0.21749441964285715, "fotosynthese": 0.3264516194661458, "osmose": 0.2731119791666667, "sequencing": 0.4793146306818182}, "keywords|title^2": {"crispr-cas": 0.0, "pcr-reactie": 0.3229166666666667, "restrictie-enzym": 0.0, "dna-replicatie": 0.0, "fotosynthese": 0.0, "osmose": 0.0, "sequencing": 0.0}, "keywords|title^2|title_plain": {"crispr-cas": 0.0, "pcr-reactie": 0.3229166666666667, "restrictie-enzym": 0.0, "dna-replicatie": 0.0, "fotosynthese": 0.0, "osmose": 0.0, "sequencing": 0.0}, "keywords|title_plain": {"crispr-cas": 0.0, "pcr-reactie": 0.96875, "restrictie-enzym": 0.0, "dna-replicatie": 0.0, "fotosynthese": 0.0, "osmose": 0.0, "sequencing": 0.0}, "text": {"crispr-cas": 0.3408203125, "pcr-reactie": 0.2421875, "restrictie-enzym": 0.0, "dna-replicatie": 0.32686941964285715, "fotosynthese": 0.330902099609375, "osmose": 0.2731119791666667, "sequencing": 0.46875}, "text|text_plain": {"crispr-cas": 0.3408203125, "pcr-reactie": 0.2421875, "restrictie-enzym": 0.0, "dna-replicatie": 0.21749441964285715, "fotosynthese": 0.3264516194661458, "osmose": 0.2731119791666667, "sequencing": 0.46875}, "text|text_plain|title^2": {"crispr-cas": 0.3408203125, "pcr-reactie": 0.484375, "restrictie-enzym": 0.0, "dna-replicatie": 0.12697637648809523, "fotosynthese": 0.3264516194661458, "osmose": 0.2731119791666667, "sequencing": 0.46875}, "text|text_plain|title^2|title_plain": {"crispr-cas": 0.3408203125, "pcr-reactie": 0.484375, "restrictie-enzym": 0.0, "dna-replicatie": 0.12337239583333334, "fotosynthese": 0.3264516194661458, "osmose": 0.2731119791666667, "sequencing": 0.46875}, "text|text_plain|title_plain": {"crispr-cas": 0.3408203125, "pcr-reactie": 0.3229166666666667, "restrictie-enzym": 0.0, "dna-replicatie": 0.21749441964285715, "fotosynthese": 0.3264516194661458, "osmose": 0.2731119791666667, "sequencing": 0.46875}, "text|title^2": {"crispr-cas": 0.3408203125, "pcr-reactie": 0.484375, "restrictie-enzym": 0.0, "dna-replicatie": 0.15667724609375, "fotosynthese": 0.330902099609375, "osmose": 0.2731119791666667, "sequencing": 0.46875}, "text|title^2|title_plain": {"crispr-cas": 0.3408203125, "pcr-reactie": 0.484375, "restrictie-enzym": 0.0, "dna-replicatie": 0.12021891276041667, "fotosynthese": 0.330902099609375, "osmose": 0.2731119791666667, "sequencing": 0.46875}, "text|title_plain": {"crispr-cas": 0.3408203125, "pcr-reactie": 0.3229166666666667, "restrictie-enzym": 0.0, "dna-replicatie": 0.21749441964285715, "fotosynthese": 0.330902099609375, "osmose": 0.2731119791666667, "sequencing": 0.46875}, "text_plain": {"crispr-cas": 0.3408203125, "pcr-reactie": 0.2421875, "restrictie-enzym": 0.0, "dna-replicatie": 0.21749441964285715, "fotosynthese": 0.3264516194661458, "osmose": 0.2731119791666667, "sequencing": 0.48037109375}, "text_plain|title^2": {"crispr-cas": 0.3408203125, "pcr-reactie": 0.484375, "restrictie-enzym": 0.0, "dna-replicatie": 0.15667724609375, "fotosynthese": 0.3264516194661458, "osmose": 0.2731119791666667, "sequencing": 0.48037109375}, "text_plain|title^2|title_plain": {"crispr-cas": 0.3408203125, "pcr-reactie": 0.484375, "restrictie-enzym": 0.0, "dna-replicatie": 0.12021891276041667, "fotosynthese": 0.3264516194661458, "osmose": 0.2731119791666667, "sequencing": 0.48037109375}, "text_plain|title_plain": {"crispr-cas": 0.3408203125, "pcr-reactie": 0.3229166666666667, "restrictie-enzym": 0.0, "dna-replicatie": 0.21749441964285715, "fotosynthese": 0.3264516194661458, "osmose": 0.2731119791666667, "sequencing": 0.48037109375}, "title^2": {"crispr-cas": 0.0, "pcr-reactie": 0.3229166666666667, "restrictie-enzym": 0.0, "dna-replicatie": 0.0, "fotosynthese": 0.0, "osmose": 0.0, "sequencing": 0.0}, "title^2|title_plain": {"crispr-cas": 0.0, "pcr-reactie": 0.3229166666666667, "restrictie-enzym": 0.0, "dna-replicatie": 0.0, "fotosynthese": 0.0, "osmose": 0.0, "sequencing": 0.0}, "title_plain": {"crispr-cas": 0.0, "pcr-reactie": 0.96875, "restrictie-enzym": 0.0, "dna-replicatie": 0.0, "fotosynthese": 0.0, "osmose": 0.0, "sequencing": 0.0}}}