{"freeze": "beta", "user": "docent7", "queries": {"keywords": {"lab-safety": 0.0, "mutant": 1.0, "pcr-machine": 0.0, "cellulose": 0.6563576909049714, "scientific-writing": 0.9107570658691535}, "keywords|text": {"lab-safety": 0.6240505200038379, "mutant": 0.2989528257039439, "pcr-machine": 0.6131471927654585, "cellulose": 0.977703971688955, "scientific-writing": 0.9633646008965597}, "keywords|text|text_plain": {"lab-safety": 0.6934264036172708, "mutant": 0.2989528257039439, "pcr-machine": 0.6131471927654585, "cellulose": 0.977703971688955, "scientific-writing": 0.9572973036277439}, "keywords|text|text_plain|title^2": {"lab-safety": 0.9197207891481877, "mutant": 0.2989528257039439, "pcr-machine": 0.6131471927654585, "cellulose": 0.977703971688955, "scientific-writing": 0.9720409377654533}, "keywords|text|text_plain|title^2|title_plain": {"lab-safety": 0.9197207891481877, "mutant": 0.2989528257039439, "pcr-machine": 0.6131471927654585, "cellulose": 0.977703971688955, "scientific-writing": 0.9720409377654533}, "keywords|text|text_plain|title_plain": {"lab-safety": 0.6934264036172708, "mutant": 0.2989528257039439, "pcr-machine": 0.6131471927654585, "cellulose": 0.977703971688955, "scientific-writing": 0.9720409377654533}, "keywords|text|title^2": {"lab-safety": 0.6509209298071326, "mutant": 0.2989528257039439, "pcr-machine": 0.6131471927654585, "cellulose": 0.977703971688955, "scientific-writing": 0.9926281829311453}, "keywords|text|title^2|title_plain": {"lab-safety": 0.6509209298071326, "mutant": 0.2989528257039439, "pcr-machine": 0.6131471927654585, "cellulose": 0.977703971688955, "scientific-writing": 0.9926281829311453}, "keywords|text|title_plain": {"lab-safety": 0.9197207891481877, "mutant": 0.2989528257039439, "pcr-machine": 0.6131471927654585, "cellulose": 0.977703971688955, "scientific-writing": 0.9720409377654533}, "keywords|text_plain": {"lab-safety": 0.6934264036172708, "mutant": 0.30314839401289745, "pcr-machine": 0.6131471927654585, "cellulose": 0.9658988824586361, "scientific-writing": 0.9572973036277439}, "keywords|text_plain|title^2": {"lab-safety": 0.6509209298071326, "mutant": 0.30314839401289745, "pcr-machine": 0.6131471927654585, "cellulose": 0.9658988824586361, "scientific-writing": 0.9720409377654533}, "keywords|text_plain|title^2|title_plain": {"lab-safety": 0.6509209298071326, "mutant": 0.30314839401289745, "pcr-machine": 0.6131471927654585, "cellulose": 0.9658988824586361, "scientific-writing": 0.9926281829311453}, "keywords|text_plain|title_plain": {"lab-safety": 0.9197207891481877, "mutant": 0.30314839401289745, "pcr-machine": 0.6131471927654585, "cellulose": 0.9658988824586361, "scientific-writing": 0.9720409377654533}, "keywords|title^2": {"lab-safety": 0.5437713091520254, "mutant": 1.0, "pcr-machine": 0.3868528072345416, "cellulose": 0.8752608559060364, "scientific-writing": 0.9926281829311453}, "keywords|title^2|title_plain": {"lab-safety": 0.6509209298071326, "mutant": 1.0, "pcr-machine": 0.3868528072345416, "cellulose": 0.8752608559060364, "scientific-writing": 0.9926281829311453}, "keywords|title_plain": {"lab-safety": 0.6934264036172708, "mutant": 1.0, "pcr-machine": 0.6131471927654585, "cellulose": 0.8752608559060364, "scientific-writing": 0.9331582328485082}, "text": {"lab-safety": 0.6240505200038379, "mutant": 0.2989528257039439, "pcr-machine": 0.6131471927654585, "cellulose": 0.9711740683063927, "scientific-writing": 0.8662350778297677}, "text|text_plain": {"lab-safety": 0.6934264036172708, "mutant": 0.2989528257039439, "pcr-machine": 0.6131471927654585, "cellulose": 0.9711740683063927, "scientific-writing": 0.871712809074756}, "text|text_plain|title^2": {"lab-safety": 0.9197207891481877, "mutant": 0.2989528257039439, "pcr-machine": 0.6131471927654585, "cellulose": 0.9711740683063927, "scientific-writing": 0.9720409377654533}, "text|text_plain|title^2|title_plain": {"lab-safety": 0.9197207891481877, "mutant": 0.2989528257039439, "pcr-machine": 0.6131471927654585, "cellulose": 0.9711740683063927, "scientific-writing": 0.9720409377654533}, "text|text_plain|title_plain": {"lab-safety": 0.6934264036172708, "mutant": 0.2989528257039439, "pcr-machine": 0.6131471927654585, "cellulose": 0.9711740683063927, "scientific-writing": 0.9633646008965597}, "text|title^2": {"lab-safety": 0.8772153153380494, "mutant": 0.2989528257039439, "pcr-machine": 0.6131471927654585, "cellulose": 0.9711740683063927, "scientific-writing": 0.9926281829311453}, "text|title^2|title_plain": {"lab-safety": 0.8772153153380494, "mutant": 0.2989528257039439, "pcr-machine": 0.6131471927654585, "cellulose": 0.9711740683063927, "scientific-writing": 0.9926281829311453}, "text|title_plain": {"lab-safety": 0.9197207891481877, "mutant": 0.2989528257039439, "pcr-machine": 0.6131471927654585, "cellulose": 0.9711740683063927, "scientific-writing": 0.9720409377654533}, "text_plain": {"lab-safety": 0.6934264036172708, "mutant": 0.30314839401289745, "pcr-machine": 0.6131471927654585, "cellulose": 0.9711740683063927, "scientific-writing": 0.8750518898915937}, "text_plain|title^2": {"lab-safety": 0.8772153153380494, "mutant": 0.30314839401289745, "pcr-machine": 0.6131471927654585, "cellulose": 0.9711740683063927, "scientific-writing": 0.9926281829311453}, "text_plain|title^2|title_plain": {"lab-safety": 0.8772153153380494, "mutant": 0.30314839401289745, "pcr-machine": 0.6131471927654585, "cellulose": 0.9711740683063927, "scientific-writing": 0.9926281829311453}, "text_plain|title_plain": {"lab-safety": 0.9197207891481877, "mutant": 0.30314839401289745, "pcr-machine": 0.6131471927654585, "cellulose": 0.9711740683063927, "scientific-writing": 0.9633646008965597}, "title^2": {"lab-safety": 0.5437713091520254, "mutant": 0.0, "pcr-machine": 0.3868528072345416, "cellulose": 1.0, "scientific-writing": 0.8547098445306978}, "title^2|title_plain": {"lab-safety": 0.6509209298071326, "mutant": 0.0, "pcr-machine": 0.3868528072345416, "cellulose": 1.0, "scientific-writing": 0.8547098445306978}, "title_plain": {"lab-safety": 0.9197207891481877, "mutant": 0.0, "pcr-machine": 0.6131471927654585, "cellulose": 1.0, "scientific-writing": 0.8341225993650058}}}