{"freeze": "beta", "user": "docent3", "queries": {"keywords": {"de-adolecent": 0.0, "beroepsonderwijs": 0.0, "instructie": 0.0}, "keywords|text": {"de-adolecent": 0.0, "beroepsonderwijs": 0.6607472568402177, "instructie": 0.33014059750568947}, "keywords|text|text_plain": {"de-adolecent": 0.0, "beroepsonderwijs": 0.5786806628184096, "instructie": 0.4676054868123695}, "keywords|text|text_plain|title^2": {"de-adolecent": 0.0, "beroepsonderwijs": 0.8004620787991901, "instructie": 0.4896571380866901}, "keywords|text|text_plain|title^2|title_plain": {"de-adolecent": 0.0, "beroepsonderwijs": 0.8004620787991901, "instructie": 0.4896571380866901}, "keywords|text|text_plain|title_plain": {"de-adolecent": 0.0, "beroepsonderwijs": 0.8004620787991901, "instructie": 0.5132011722632567}, "keywords|text|title^2": {"de-adolecent": 0.0, "beroepsonderwijs": 0.8151440902883273, "instructie": 0.40062191807724906}, "keywords|text|title^2|title_plain": {"de-adolecent": 0.0, "beroepsonderwijs": 0.8151440902883273, "instructie": 0.3980783247446229}, "keywords|text|title_plain": {"de-adolecent": 0.0, "beroepsonderwijs": 0.8151440902883273, "instructie": 0.4125092855318841}, "keywords|text_plain": {"de-adolecent": 0.0, "beroepsonderwijs": 0.5191906263840396, "instructie": 0.32607230825173017}, "keywords|text_plain|title^2": {"de-adolecent": 0.0, "beroepsonderwijs": 0.7869621450996165, "instructie": 0.39882166444478084}, "keywords|text_plain|title^2|title_plain": {"de-adolecent": 0.0, "beroepsonderwijs": 0.7869621450996165, "instructie": 0.3962780711121547}, "keywords|text_plain|title_plain": {"de-adolecent": 0.0, "beroepsonderwijs": 0.7869621450996165, "instructie": 0.41038118895699127}, "keywords|title^2": {"de-adolecent": 0.0, "beroepsonderwijs": 1.0, "instructie": 0.20114447739142116}, "keywords|title^2|title_plain": {"de-adolecent": 0.0, "beroepsonderwijs": 1.0, "instructie": 0.20114447739142116}, "keywords|title_plain": {"de-adolecent": 0.0, "beroepsonderwijs": 1.0, "instructie": 0.20114447739142116}, "text": {"de-adolecent": 0.0, "beroepsonderwijs": 0.6607472568402177, "instructie": 0.5835853813256066}, "text|text_plain": {"de-adolecent": 0.0, "beroepsonderwijs": 0.5786806628184096, "instructie": 0.5735118158983294}, "text|text_plain|title^2": {"de-adolecent": 0.0, "beroepsonderwijs": 0.8004620787991901, "instructie": 0.45718514515239106}, "text|text_plain|title^2|title_plain": {"de-adolecent": 0.0, "beroepsonderwijs": 0.8004620787991901, "instructie": 0.45354776401981256}, "text|text_plain|title_plain": {"de-adolecent": 0.0, "beroepsonderwijs": 0.8004620787991901, "instructie": 0.5139167962917421}, "text|title^2": {"de-adolecent": 0.0, "beroepsonderwijs": 0.8151440902883273, "instructie": 0.4564627387317269}, "text|title^2|title_plain": {"de-adolecent": 0.0, "beroepsonderwijs": 0.8151440902883273, "instructie": 0.4564627387317269}, "text|title_plain": {"de-adolecent": 0.0, "beroepsonderwijs": 0.8151440902883273, "instructie": 0.5244665080390222}, "text_plain": {"de-adolecent": 0.0, "beroepsonderwijs": 0.5191906263840396, "instructie": 0.47765789093069805}, "text_plain|title^2": {"de-adolecent": 0.0, "beroepsonderwijs": 0.7869621450996165, "instructie": 0.5270091306145674}, "text_plain|title^2|title_plain": {"de-adolecent": 0.0, "beroepsonderwijs": 0.7869621450996165, "instructie": 0.5270091306145674}, "text_plain|title_plain": {"de-adolecent": 0.0, "beroepsonderwijs": 0.7869621450996165, "instructie": 0.588441409018296}, "title^2": {"de-adolecent": 0.0, "beroepsonderwijs": 1.0, "instructie": 0.3199578493372859}, "title^2|title_plain": {"de-adolecent": 0.0, "beroepsonderwijs": 1.0, "instructie": 0.3199578493372859}, "title_plain": {"de-adolecent": 0.0, "beroepsonderwijs": 1.0, "instructie": 0.3478858509152754}}}