{"freeze": "beta", "user": "docent1", "queries": {"keywords": {"longkanker": 0.0, "calcium-antagonist": 0.0, "daibetes-mellitus": 1.0, "dna": 0.0, "diabetes-mellitus": 1.0, "amoxicilline": 0.0, "furosemide": 0.0, "dopamine": 0.0, "hartfalen": 0.0}, "keywords|text": {"longkanker": 1.0, "calcium-antagonist": 1.0, "daibetes-mellitus": 0.4822757111932412, "dna": 0.6052602440527058, "diabetes-mellitus": 0.5020338032485724, "amoxicilline": 1.0, "furosemide": 1.0, "dopamine": 0.962543268492907, "hartfalen": 0.32348496666251575}, "keywords|text|text_plain": {"longkanker": 1.0, "calcium-antagonist": 1.0, "daibetes-mellitus": 0.4822757111932412, "dna": 0.5802792108518124, "diabetes-mellitus": 0.576503839629818, "amoxicilline": 1.0, "furosemide": 1.0, "dopamine": 0.962543268492907, "hartfalen": 0.32348496666251575}, "keywords|text|text_plain|title^2": {"longkanker": 1.0, "calcium-antagonist": 1.0, "daibetes-mellitus": 1.0, "dna": 0.752742566630209, "diabetes-mellitus": 0.8842038246815169, "amoxicilline": 1.0, "furosemide": 1.0, "dopamine": 0.962543268492907, "hartfalen": 0.6705777310747234}, "keywords|text|text_plain|title^2|title_plain": {"longkanker": 1.0, "calcium-antagonist": 1.0, "daibetes-mellitus": 1.0, "dna": 0.752742566630209, "diabetes-mellitus": 0.8842038246815169, "amoxicilline": 1.0, "furosemide": 1.0, "dopamine": 0.962543268492907, "hartfalen": 0.6705777310747234}, "keywords|text|text_plain|title_plain": {"longkanker": 1.0, "calcium-antagonist": 1.0, "daibetes-mellitus": 0.831196559184932, "dna": 0.7664339909568231, "diabetes-mellitus": 0.762516068962975, "amoxicilline": 1.0, "furosemide": 1.0, "dopamine": 0.962543268492907, "hartfalen": 0.5197007725909777}, "keywords|text|title^2": {"longkanker": 1.0, "calcium-antagonist": 1.0, "daibetes-mellitus": 1.0, "dna": 0.752742566630209, "diabetes-mellitus": 0.8842038246815169, "amoxicilline": 1.0, "furosemide": 1.0, "dopamine": 0.962543268492907, "hartfalen": 0.7161730043071957}, "keywords|text|title^2|title_plain": {"longkanker": 1.0, "calcium-antagonist": 1.0, "daibetes-mellitus": 1.0, "dna": 0.752742566630209, "diabetes-mellitus": 0.8842038246815169, "amoxicilline": 1.0, "furosemide": 1.0, "dopamine": 0.962543268492907, "hartfalen": 0.7161730043071957}, "keywords|text|title_plain": {"longkanker": 1.0, "calcium-antagonist": 1.0, "daibetes-mellitus": 0.8596917930463525, "dna": 0.7601875334318687, "diabetes-mellitus": 0.7933922903220871, "amoxicilline": 1.0, "furosemide": 1.0, "dopamine": 0.962543268492907, "hartfalen": 0.5197007725909777}, "keywords|text_plain": {"longkanker": 1.0, "calcium-antagonist": 1.0, "daibetes-mellitus": 0.4822757111932412, "dna": 0.8065735963827292, "diabetes-mellitus": 0.5794610476951003, "amoxicilline": 1.0, "furosemide": 1.0, "dopamine": 0.962543268492907, "hartfalen": 0.32348496666251575}, "keywords|text_plain|title^2": {"longkanker": 1.0, "calcium-antagonist": 1.0, "daibetes-mellitus": 1.0, "dna": 0.752742566630209, "diabetes-mellitus": 0.8842038246815169, "amoxicilline": 1.0, "furosemide": 1.0, "dopamine": 0.962543268492907, "hartfalen": 0.7161730043071957}, "keywords|text_plain|title^2|title_plain": {"longkanker": 1.0, "calcium-antagonist": 1.0, "daibetes-mellitus": 1.0, "dna": 0.752742566630209, "diabetes-mellitus": 0.8842038246815169, "amoxicilline": 1.0, "furosemide": 1.0, "dopamine": 0.962543268492907, "hartfalen": 0.7161730043071957}, "keywords|text_plain|title_plain": {"longkanker": 1.0, "calcium-antagonist": 1.0, "daibetes-mellitus": 0.8866191517398098, "dna": 0.7601875334318687, "diabetes-mellitus": 0.8115683172507443, "amoxicilline": 1.0, "furosemide": 1.0, "dopamine": 0.962543268492907, "hartfalen": 0.5197007725909777}, "keywords|title^2": {"longkanker": 0.0, "calcium-antagonist": 0.0, "daibetes-mellitus": 1.0, "dna": 0.1934264036172708, "diabetes-mellitus": 1.0, "amoxicilline": 0.0, "furosemide": 1.0, "dopamine": 1.0, "hartfalen": 0.6419200956328114}, "keywords|title^2|title_plain": {"longkanker": 0.0, "calcium-antagonist": 0.0, "daibetes-mellitus": 1.0, "dna": 0.1934264036172708, "diabetes-mellitus": 1.0, "amoxicilline": 0.0, "furosemide": 1.0, "dopamine": 1.0, "hartfalen": 0.6419200956328114}, "keywords|title_plain": {"longkanker": 0.0, "calcium-antagonist": 0.0, "daibetes-mellitus": 1.0, "dna": 0.1934264036172708, "diabetes-mellitus": 1.0, "amoxicilline": 0.0, "furosemide": 1.0, "dopamine": 1.0, "hartfalen": 0.5071989155201717}, "text": {"longkanker": 1.0, "calcium-antagonist": 1.0, "daibetes-mellitus": 0.3803982959811862, "dna": 0.6052602440527058, "diabetes-mellitus": 0.3363496282088965, "amoxicilline": 1.0, "furosemide": 1.0, "dopamine": 0.962543268492907, "hartfalen": 0.32348496666251575}, "text|text_plain": {"longkanker": 1.0, "calcium-antagonist": 1.0, "daibetes-mellitus": 0.3803982959811862, "dna": 0.5802792108518124, "diabetes-mellitus": 0.37107985116437014, "amoxicilline": 1.0, "furosemide": 1.0, "dopamine": 0.962543268492907, "hartfalen": 0.32348496666251575}, "text|text_plain|title^2": {"longkanker": 1.0, "calcium-antagonist": 1.0, "daibetes-mellitus": 1.0, "dna": 0.752742566630209, "diabetes-mellitus": 0.8842038246815169, "amoxicilline": 1.0, "furosemide": 1.0, "dopamine": 0.962543268492907, "hartfalen": 0.7161730043071957}, "text|text_plain|title^2|title_plain": {"longkanker": 1.0, "calcium-antagonist": 1.0, "daibetes-mellitus": 1.0, "dna": 0.752742566630209, "diabetes-mellitus": 0.8842038246815169, "amoxicilline": 1.0, "furosemide": 1.0, "dopamine": 0.962543268492907, "hartfalen": 0.7161730043071957}, "text|text_plain|title_plain": {"longkanker": 1.0, "calcium-antagonist": 1.0, "daibetes-mellitus": 0.831196559184932, "dna": 0.7664339909568231, "diabetes-mellitus": 0.6617394366948858, "amoxicilline": 1.0, "furosemide": 1.0, "dopamine": 0.962543268492907, "hartfalen": 0.5745139636556956}, "text|title^2": {"longkanker": 1.0, "calcium-antagonist": 1.0, "daibetes-mellitus": 1.0, "dna": 0.752742566630209, "diabetes-mellitus": 0.8842038246815169, "amoxicilline": 1.0, "furosemide": 1.0, "dopamine": 0.962543268492907, "hartfalen": 0.7161730043071957}, "text|title^2|title_plain": {"longkanker": 1.0, "calcium-antagonist": 1.0, "daibetes-mellitus": 1.0, "dna": 0.752742566630209, "diabetes-mellitus": 0.8842038246815169, "amoxicilline": 1.0, "furosemide": 1.0, "dopamine": 0.962543268492907, "hartfalen": 0.7161730043071957}, "text|title_plain": {"longkanker": 1.0, "calcium-antagonist": 1.0, "daibetes-mellitus": 0.8596917930463525, "dna": 0.7601875334318687, "diabetes-mellitus": 0.6756956178963988, "amoxicilline": 1.0, "furosemide": 1.0, "dopamine": 0.962543268492907, "hartfalen": 0.5745139636556956}, "text_plain": {"longkanker": 1.0, "calcium-antagonist": 1.0, "daibetes-mellitus": 0.3803982959811862, "dna": 0.8065735963827292, "diabetes-mellitus": 0.3363496282088965, "amoxicilline": 1.0, "furosemide": 1.0, "dopamine": 0.962543268492907, "hartfalen": 0.32348496666251575}, "text_plain|title^2": {"longkanker": 1.0, "calcium-antagonist": 1.0, "daibetes-mellitus": 1.0, "dna": 0.752742566630209, "diabetes-mellitus": 0.8842038246815169, "amoxicilline": 1.0, "furosemide": 1.0, "dopamine": 0.962543268492907, "hartfalen": 0.7161730043071957}, "text_plain|title^2|title_plain": {"longkanker": 1.0, "calcium-antagonist": 1.0, "daibetes-mellitus": 1.0, "dna": 0.752742566630209, "diabetes-mellitus": 0.8842038246815169, "amoxicilline": 1.0, "furosemide": 1.0, "dopamine": 0.962543268492907, "hartfalen": 0.7161730043071957}, "text_plain|title_plain": {"longkanker": 1.0, "calcium-antagonist": 1.0, "daibetes-mellitus": 0.8866191517398098, "dna": 0.7601875334318687, "diabetes-mellitus": 0.7933922903220871, "amoxicilline": 1.0, "furosemide": 1.0, "dopamine": 0.962543268492907, "hartfalen": 0.5745139636556956}, "title^2": {"longkanker": 0.0, "calcium-antagonist": 0.0, "daibetes-mellitus": 1.0, "dna": 0.1934264036172708, "diabetes-mellitus": 1.0, "amoxicilline": 0.0, "furosemide": 1.0, "dopamine": 1.0, "hartfalen": 0.6419200956328114}, "title^2|title_plain": {"longkanker": 0.0,