{"freeze": "beta", "user": "docent1", "queries": {"keywords": {"longkanker": 0.0, "calcium-antagonist": 0.0, "daibetes-mellitus": 0.96875, "dna": 0.0, "diabetes-mellitus": 0.9842020670572916, "amoxicilline": 0.0, "furosemide": 0.0, "dopamine": 0.0, "hartfalen": 0.0}, "keywords|text": {"longkanker": 0.21875, "calcium-antagonist": 0.96875, "daibetes-mellitus": 0.974991242090861, "dna": 0.27587890625, "diabetes-mellitus": 0.9758403891441868, "amoxicilline": 0.96875, "furosemide": 0.97216796875, "dopamine": 0.591705322265625, "hartfalen": 0.2218127879831526}, "keywords|text|text_plain": {"longkanker": 0.21875, "calcium-antagonist": 0.96875, "daibetes-mellitus": 0.974991242090861, "dna": 0.2655029296875, "diabetes-mellitus": 0.9759172034335502, "amoxicilline": 0.96875, "furosemide": 0.97216796875, "dopamine": 0.591705322265625, "hartfalen": 0.2218127879831526}, "keywords|text|text_plain|title^2": {"longkanker": 0.21875, "calcium-antagonist": 0.96875, "daibetes-mellitus": 0.9842095451099642, "dna": 0.481201171875, "diabetes-mellitus": 0.9842095451099642, "amoxicilline": 0.96875, "furosemide": 0.97216796875, "dopamine": 0.591705322265625, "hartfalen": 0.45347004233756}, "keywords|text|text_plain|title^2|title_plain": {"longkanker": 0.21875, "calcium-antagonist": 0.96875, "daibetes-mellitus": 0.9842095451099642, "dna": 0.481201171875, "diabetes-mellitus": 0.9842095451099642, "amoxicilline": 0.96875, "furosemide": 0.97216796875, "dopamine": 0.591705322265625, "hartfalen": 0.45347004233756}, "keywords|text|text_plain|title_plain": {"longkanker": 0.21875, "calcium-antagonist": 0.96875, "daibetes-mellitus": 0.9774630126547501, "dna": 0.4853515625, "diabetes-mellitus": 0.9786701924216079, "amoxicilline": 0.96875, "furosemide": 0.97216796875, "dopamine": 0.591705322265625, "hartfalen": 0.253111532320165}, "keywords|text|title^2": {"longkanker": 0.21875, "calcium-antagonist": 0.96875, "daibetes-mellitus": 0.9842095451099642, "dna": 0.481201171875, "diabetes-mellitus": 0.9842095451099642, "amoxicilline": 0.96875, "furosemide": 0.97216796875, "dopamine": 0.591705322265625, "hartfalen": 0.5027432153518828}, "keywords|text|title^2|title_plain": {"longkanker": 0.21875, "calcium-antagonist": 0.96875, "daibetes-mellitus": 0.9842095451099642, "dna": 0.481201171875, "diabetes-mellitus": 0.9842095451099642, "amoxicilline": 0.96875, "furosemide": 0.97216796875, "dopamine": 0.591705322265625, "hartfalen": 0.5027432153518828}, "keywords|text|title_plain": {"longkanker": 0.21875, "calcium-antagonist": 0.96875, "daibetes-mellitus": 0.9779552891135002, "dna": 0.4833984375, "diabetes-mellitus": 0.9801966754921955, "amoxicilline": 0.96875, "furosemide": 0.97216796875, "dopamine": 0.591705322265625, "hartfalen": 0.253111532320165}, "keywords|text_plain": {"longkanker": 0.21875, "calcium-antagonist": 0.96875, "daibetes-mellitus": 0.974991242090861, "dna": 0.4998779296875, "diabetes-mellitus": 0.9759786703830792, "amoxicilline": 0.96875, "furosemide": 0.97216796875, "dopamine": 0.591705322265625, "hartfalen": 0.2218127879831526}, "keywords|text_plain|title^2": {"longkanker": 0.21875, "calcium-antagonist": 0.96875, "daibetes-mellitus": 0.9842095451099642, "dna": 0.481201171875, "diabetes-mellitus": 0.9842095451099642, "amoxicilline": 0.96875, "furosemide": 0.97216796875, "dopamine": 0.591705322265625, "hartfalen": 0.5027432153518828}, "keywords|text_plain|title^2|title_plain": {"longkanker": 0.21875, "calcium-antagonist": 0.96875, "daibetes-mellitus": 0.9842095451099642, "dna": 0.481201171875, "diabetes-mellitus": 0.9842095451099642, "amoxicilline": 0.96875, "furosemide": 0.97216796875, "dopamine": 0.591705322265625, "hartfalen": 0.5027432153518828}, "keywords|text_plain|title_plain": {"longkanker": 0.21875, "calcium-antagonist": 0.96875, "daibetes-mellitus": 0.9786856977471393, "dna": 0.4833984375, "diabetes-mellitus": 0.9802401868828815, "amoxicilline": 0.96875, "furosemide": 0.97216796875, "dopamine": 0.591705322265625, "hartfalen": 0.253111532320165}, "keywords|title^2": {"longkanker": 0.0, "calcium-antagonist": 0.0, "daibetes-mellitus": 0.9842094580332438, "dna": 0.05859375, "diabetes-mellitus": 0.9842094580332438, "amoxicilline": 0.0, "furosemide": 0.96875, "dopamine": 0.46875, "hartfalen": 0.5012919108072916}, "keywords|title^2|title_plain": {"longkanker": 0.0, "calcium-antagonist": 0.0, "daibetes-mellitus": 0.9842094580332438, "dna": 0.05859375, "diabetes-mellitus": 0.9842094580332438, "amoxicilline": 0.0, "furosemide": 0.96875, "dopamine": 0.46875, "hartfalen": 0.5012919108072916}, "keywords|title_plain": {"longkanker": 0.0, "calcium-antagonist": 0.0, "daibetes-mellitus": 0.9842094580332438, "dna": 0.05859375, "diabetes-mellitus": 0.9842094580332438, "amoxicilline": 0.0, "furosemide": 0.96875, "dopamine": 0.46875, "hartfalen": 0.3141606648763021}, "text": {"longkanker": 0.21875, "calcium-antagonist": 0.96875, "daibetes-mellitus": 0.599991242090861, "dna": 0.27587890625, "diabetes-mellitus": 0.599991242090861, "amoxicilline": 0.96875, "furosemide": 0.97216796875, "dopamine": 0.591705322265625, "hartfalen": 0.2218127879831526}, "text|text_plain": {"longkanker": 0.21875, "calcium-antagonist": 0.96875, "daibetes-mellitus": 0.599991242090861, "dna": 0.2655029296875, "diabetes-mellitus": 0.6003404880563418, "amoxicilline": 0.96875, "furosemide": 0.97216796875, "dopamine": 0.591705322265625, "hartfalen": 0.2218127879831526}, "text|text_plain|title^2": {"longkanker": 0.21875, "calcium-antagonist": 0.96875, "daibetes-mellitus": 0.9842095451099642, "dna": 0.481201171875, "diabetes-mellitus": 0.9842095451099642, "amoxicilline": 0.96875, "furosemide": 0.97216796875, "dopamine": 0.591705322265625, "hartfalen": 0.5027432153518828}, "text|text_plain|title^2|title_plain": {"longkanker": 0.21875, "calcium-antagonist": 0.96875, "daibetes-mellitus": 0.9842095451099642, "dna": 0.481201171875, "diabetes-mellitus": 0.9842095451099642, "amoxicilline": 0.96875, "furosemide": 0.97216796875, "dopamine": 0.591705322265625, "hartfalen": 0.5027432153518828}, "text|text_plain|title_plain": {"longkanker": 0.21875, "calcium-antagonist": 0.96875, "daibetes-mellitus": 0.9774630126547501, "dna": 0.4853515625, "diabetes-mellitus": 0.6029549366843032, "amoxicilline": 0.96875, "furosemide": 0.97216796875, "dopamine": 0.591705322265625, "hartfalen": 0.3624865323201649}, "text|title^2": {"longkanker": 0.21875, "calcium-antagonist": 0.96875, "daibetes-mellitus": 0.9842095451099642, "dna": 0.481201171875, "diabetes-mellitus": 0.9842095451099642, "amoxicilline": 0.96875, "furosemide": 0.97216796875, "dopamine": 0.591705322265625, "hartfalen": 0.5027432153518828}, "text|title^2|title_plain": {"longkanker": 0.21875, "calcium-antagonist": 0.96875, "daibetes-mellitus": 0.9842095451099642, "dna": 0.481201171875, "diabetes-mellitus": 0.9842095451099642, "amoxicilline": 0.96875, "furosemide": 0.97216796875, "dopamine": 0.591705322265625, "hartfalen": 0.5027432153518828}, "text|title_plain": {"longkanker": 0.21875, "calcium-antagonist": 0.96875, "daibetes-mellitus": 0.9779552891135002, "dna": 0.4833984375, "diabetes-mellitus": 0.6029555408486408, "amoxicilline": 0.96875, "furosemide": 0.97216796875, "dopamine": 0.591705322265625, "hartfalen": 0.3624865323201649}, "text_plain": {"longkanker": 0.21875, "calcium-antagonist": 0.96875, "daibetes-mellitus": 0.599991242090861, "dna": 0.4998779296875, "diabetes-mellitus": 0.599991242090861, "amoxicilline": 0.96875, "furosemide": 0.97216796875, "dopamine": 0.591705322265625, "hartfalen": 0.2218127879831526}, "text_plain|title^2": {"longkanker": 0.21875, "calcium-antagonist": 0.96875, "daibetes-mellitus": 0.9842095451099642, "dna": 0.481201171875, "diabetes-mellitus": 0.9842095451099642, "amoxicilline": 0.96875, "furosemide": 0.97216796875, "dopamine": 0.591705322265625, "hartfalen": 0.5027432153518828}, "text_plain|title^2|title_plain": {"longkanker": 0.21875, "calcium-antagonist": 0.96875, "daibetes-mellitus": 0.9842095451099642, "dna": 0.481201171875,