{"freeze": "beta", "user": "docent4", "queries": {"keywords": {"reflecteren-studenten": 0.03125, "onderwijsinnovatie": 0.0, "toetsing": 0.0}, "keywords|text": {"reflecteren-studenten": 0.325745355515253, "onderwijsinnovatie": 0.6019749591747919, "toetsing": 0.21875}, "keywords|text|text_plain": {"reflecteren-studenten": 0.4869623344485499, "onderwijsinnovatie": 0.6019749591747919, "toetsing": 0.21875}, "keywords|text|text_plain|title^2": {"reflecteren-studenten": 0.08852391098484849, "onderwijsinnovatie": 0.6019749591747919, "toetsing": 0.52685546875}, "keywords|text|text_plain|title^2|title_plain": {"reflecteren-studenten": 0.08852391098484849, "onderwijsinnovatie": 0.6019749591747919, "toetsing": 0.52685546875}, "keywords|text|text_plain|title_plain": {"reflecteren-studenten": 0.4863725450303819, "onderwijsinnovatie": 0.6019749591747919, "toetsing": 0.52685546875}, "keywords|text|title^2": {"reflecteren-studenten": 0.08806818181818182, "onderwijsinnovatie": 0.6019749591747919, "toetsing": 0.52685546875}, "keywords|text|title^2|title_plain": {"reflecteren-studenten": 0.08806818181818182, "onderwijsinnovatie": 0.6019749591747919, "toetsing": 0.52685546875}, "keywords|text|title_plain": {"reflecteren-studenten": 0.32458750406901044, "onderwijsinnovatie": 0.6019749591747919, "toetsing": 0.52685546875}, "keywords|text_plain": {"reflecteren-studenten": 0.9716188954372031, "onderwijsinnovatie": 0.6019749591747919, "toetsing": 0.109375}, "keywords|text_plain|title^2": {"reflecteren-studenten": 0.08806818181818182, "onderwijsinnovatie": 0.6019749591747919, "toetsing": 0.5074869791666666}, "keywords|text_plain|title^2|title_plain": {"reflecteren-studenten": 0.08806818181818182, "onderwijsinnovatie": 0.6019749591747919, "toetsing": 0.5074869791666666}, "keywords|text_plain|title_plain": {"reflecteren-studenten": 0.4861772325303819, "onderwijsinnovatie": 0.6019749591747919, "toetsing": 0.5074869791666666}, "keywords|title^2": {"reflecteren-studenten": 0.0, "onderwijsinnovatie": 0.0, "toetsing": 0.46875}, "keywords|title^2|title_plain": {"reflecteren-studenten": 0.0, "onderwijsinnovatie": 0.0, "toetsing": 0.46875}, "keywords|title_plain": {"reflecteren-studenten": 0.012867647058823529, "onderwijsinnovatie": 0.0, "toetsing": 0.46875}, "text": {"reflecteren-studenten": 0.32468634711371525, "onderwijsinnovatie": 0.6019749591747919, "toetsing": 0.21875}, "text|text_plain": {"reflecteren-studenten": 0.48634587923685707, "onderwijsinnovatie": 0.6019749591747919, "toetsing": 0.21875}, "text|text_plain|title^2": {"reflecteren-studenten": 0.08806818181818182, "onderwijsinnovatie": 0.6019749591747919, "toetsing": 0.52685546875}, "text|text_plain|title^2|title_plain": {"reflecteren-studenten": 0.08806818181818182, "onderwijsinnovatie": 0.6019749591747919, "toetsing": 0.52685546875}, "text|text_plain|title_plain": {"reflecteren-studenten": 0.484716796875, "onderwijsinnovatie": 0.6019749591747919, "toetsing": 0.52685546875}, "text|title^2": {"reflecteren-studenten": 0.08806818181818182, "onderwijsinnovatie": 0.6019749591747919, "toetsing": 0.52685546875}, "text|title^2|title_plain": {"reflecteren-studenten": 0.08806818181818182, "onderwijsinnovatie": 0.6019749591747919, "toetsing": 0.52685546875}, "text|title_plain": {"reflecteren-studenten": 0.3229166666666667, "onderwijsinnovatie": 0.6019749591747919, "toetsing": 0.52685546875}, "text_plain": {"reflecteren-studenten": 0.971136443827127, "onderwijsinnovatie": 0.6019749591747919, "toetsing": 0.109375}, "text_plain|title^2": {"reflecteren-studenten": 0.08806818181818182, "onderwijsinnovatie": 0.6019749591747919, "toetsing": 0.5074869791666666}, "text_plain|title^2|title_plain": {"reflecteren-studenten": 0.08806818181818182, "onderwijsinnovatie": 0.6019749591747919, "toetsing": 0.5074869791666666}, "text_plain|title_plain": {"reflecteren-studenten": 0.485888671875, "onderwijsinnovatie": 0.6019749591747919, "toetsing": 0.5074869791666666}, "title^2": {"reflecteren-studenten": 0.0, "onderwijsinnovatie": 0.0, "toetsing": 0.46875}, "title^2|title_plain": {"reflecteren-studenten": 0.0, "onderwijsinnovatie": 0.0, "toetsing": 0.46875}, "title_plain": {"reflecteren-studenten": 0.08806818181818182, "onderwijsinnovatie": 0.0, "toetsing": 0.46875}}}