{"freeze": "beta", "user": "docent5", "queries": {"keywords": {"crispr-cas": 0.0, "pcr-reactie": 0.0, "restrictie-enzym": 0.0, "dna-replicatie": 0.0, "fotosynthese": 0.0, "osmose": 0.0, "sequencing": 0.0}, "keywords|text": {"crispr-cas": 0.3408203125, "pcr-reactie": 0.2421875, "restrictie-enzym": 0.0, "dna-replicatie": 0.6051572618030366, "fotosynthese": 0.330902099609375, "osmose": 0.4321187337239583, "sequencing": 0.46875}, "keywords|text|text_plain": {"crispr-cas": 0.3408203125, "pcr-reactie": 0.2421875, "restrictie-enzym": 0.0, "dna-replicatie": 0.9801572618030366, "fotosynthese": 0.3264516194661458, "osmose": 0.4321187337239583, "sequencing": 0.474560546875}, "keywords|text|text_plain|title^2": {"crispr-cas": 0.3408203125, "pcr-reactie": 0.484375, "restrictie-enzym": 0.0, "dna-replicatie": 0.9840107191176641, "fotosynthese": 0.3264516194661458, "osmose": 0.4321187337239583, "sequencing": 0.474560546875}, "keywords|text|text_plain|title^2|title_plain": {"crispr-cas": 0.3408203125, "pcr-reactie": 0.484375, "restrictie-enzym": 0.0, "dna-replicatie": 0.9840071996053059, "fotosynthese": 0.3264516194661458, "osmose": 0.4321187337239583, "sequencing": 0.474560546875}, "keywords|text|text_plain|title_plain": {"crispr-cas": 0.3408203125, "pcr-reactie": 0.3229166666666667, "restrictie-enzym": 0.0, "dna-replicatie": 0.9801572618030366, "fotosynthese": 0.3264516194661458, "osmose": 0.4321187337239583, "sequencing": 0.474560546875}, "keywords|text|title^2": {"crispr-cas": 0.3408203125, "pcr-reactie": 0.484375, "restrictie-enzym": 0.0, "dna-replicatie": 0.9800978700319926, "fotosynthese": 0.330902099609375, "osmose": 0.4321187337239583, "sequencing": 0.46875}, "keywords|text|title^2|title_plain": {"crispr-cas": 0.3408203125, "pcr-reactie": 0.484375, "restrictie-enzym": 0.0, "dna-replicatie": 0.9840041200319926, "fotosynthese": 0.330902099609375, "osmose": 0.4321187337239583, "sequencing": 0.46875}, "keywords|text|title_plain": {"crispr-cas": 0.3408203125, "pcr-reactie": 0.3229166666666667, "restrictie-enzym": 0.0, "dna-replicatie": 0.9801572618030366, "fotosynthese": 0.330902099609375, "osmose": 0.4321187337239583, "sequencing": 0.46875}, "keywords|text_plain": {"crispr-cas": 0.3408203125, "pcr-reactie": 0.2421875, "restrictie-enzym": 0.0, "dna-replicatie": 0.9801572618030366, "fotosynthese": 0.3264516194661458, "osmose": 0.4321187337239583, "sequencing": 0.4963721073035038}, "keywords|text_plain|title^2": {"crispr-cas": 0.3408203125, "pcr-reactie": 0.484375, "restrictie-enzym": 0.0, "dna-replicatie": 0.9800978700319926, "fotosynthese": 0.3264516194661458, "osmose": 0.4321187337239583, "sequencing": 0.4963721073035038}, "keywords|text_plain|title^2|title_plain": {"crispr-cas": 0.3408203125, "pcr-reactie": 0.484375, "restrictie-enzym": 0.0, "dna-replicatie": 0.9840041200319926, "fotosynthese": 0.3264516194661458, "osmose": 0.4321187337239583, "sequencing": 0.4963721073035038}, "keywords|text_plain|title_plain": {"crispr-cas": 0.3408203125, "pcr-reactie": 0.3229166666666667, "restrictie-enzym": 0.0, "dna-replicatie": 0.9801572618030366, "fotosynthese": 0.3264516194661458, "osmose": 0.4321187337239583, "sequencing": 0.4963721073035038}, "keywords|title^2": {"crispr-cas": 0.0, "pcr-reactie": 0.3229166666666667, "restrictie-enzym": 0.0, "dna-replicatie": 0.12325613839285714, "fotosynthese": 0.0, "osmose": 0.0, "sequencing": 0.0}, "keywords|title^2|title_plain": {"crispr-cas": 0.0, "pcr-reactie": 0.3229166666666667, "restrictie-enzym": 0.0, "dna-replicatie": 0.12325613839285714, "fotosynthese": 0.0, "osmose": 0.0, "sequencing": 0.0}, "keywords|title_plain": {"crispr-cas": 0.0, "pcr-reactie": 0.96875, "restrictie-enzym": 0.0, "dna-replicatie": 0.12325613839285714, "fotosynthese": 0.0, "osmose": 0.0, "sequencing": 0.0}, "text": {"crispr-cas": 0.3408203125, "pcr-reactie": 0.2421875, "restrictie-enzym": 0.0, "dna-replicatie": 0.6051572618030366, "fotosynthese": 0.330902099609375, "osmose": 0.4321187337239583, "sequencing": 0.46875}, "text|text_plain": {"crispr-cas": 0.3408203125, "pcr-reactie": 0.2421875, "restrictie-enzym": 0.0, "dna-replicatie": 0.9801572618030366, "fotosynthese": 0.3264516194661458, "osmose": 0.4321187337239583, "sequencing": 0.474560546875}, "text|text_plain|title^2": {"crispr-cas": 0.3408203125, "pcr-reactie": 0.484375, "restrictie-enzym": 0.0, "dna-replicatie": 0.9840107191176641, "fotosynthese": 0.3264516194661458, "osmose": 0.4321187337239583, "sequencing": 0.474560546875}, "text|text_plain|title^2|title_plain": {"crispr-cas": 0.3408203125, "pcr-reactie": 0.484375, "restrictie-enzym": 0.0, "dna-replicatie": 0.9840071996053059, "fotosynthese": 0.3264516194661458, "osmose": 0.4321187337239583, "sequencing": 0.474560546875}, "text|text_plain|title_plain": {"crispr-cas": 0.3408203125, "pcr-reactie": 0.3229166666666667, "restrictie-enzym": 0.0, "dna-replicatie": 0.9801572618030366, "fotosynthese": 0.3264516194661458, "osmose": 0.4321187337239583, "sequencing": 0.474560546875}, "text|title^2": {"crispr-cas": 0.3408203125, "pcr-reactie": 0.484375, "restrictie-enzym": 0.0, "dna-replicatie": 0.9800978700319926, "fotosynthese": 0.330902099609375, "osmose": 0.4321187337239583, "sequencing": 0.46875}, "text|title^2|title_plain": {"crispr-cas": 0.3408203125, "pcr-reactie": 0.484375, "restrictie-enzym": 0.0, "dna-replicatie": 0.9840041200319926, "fotosynthese": 0.330902099609375, "osmose": 0.4321187337239583, "sequencing": 0.46875}, "text|title_plain": {"crispr-cas": 0.3408203125, "pcr-reactie": 0.3229166666666667, "restrictie-enzym": 0.0, "dna-replicatie": 0.9801572618030366, "fotosynthese": 0.330902099609375, "osmose": 0.4321187337239583, "sequencing": 0.46875}, "text_plain": {"crispr-cas": 0.3408203125, "pcr-reactie": 0.2421875, "restrictie-enzym": 0.0, "dna-replicatie": 0.9801572618030366, "fotosynthese": 0.3264516194661458, "osmose": 0.4321187337239583, "sequencing": 0.5010711669921875}, "text_plain|title^2": {"crispr-cas": 0.3408203125, "pcr-reactie": 0.484375, "restrictie-enzym": 0.0, "dna-replicatie": 0.9800978700319926, "fotosynthese": 0.3264516194661458, "osmose": 0.4321187337239583, "sequencing": 0.5010711669921875}, "text_plain|title^2|title_plain": {"crispr-cas": 0.3408203125, "pcr-reactie": 0.484375, "restrictie-enzym": 0.0, "dna-replicatie": 0.9840041200319926, "fotosynthese": 0.3264516194661458, "osmose": 0.4321187337239583, "sequencing": 0.5010711669921875}, "text_plain|title_plain": {"crispr-cas": 0.3408203125, "pcr-reactie": 0.3229166666666667, "restrictie-enzym": 0.0, "dna-replicatie": 0.9801572618030366, "fotosynthese": 0.3264516194661458, "osmose": 0.4321187337239583, "sequencing": 0.5010711669921875}, "title^2": {"crispr-cas": 0.0, "pcr-reactie": 0.3229166666666667, "restrictie-enzym": 0.0, "dna-replicatie": 0.12325613839285714, "fotosynthese": 0.0, "osmose": 0.0, "sequencing": 0.0}, "title^2|title_plain": {"crispr-cas": 0.0, "pcr-reactie": 0.3229166666666667, "restrictie-enzym": 0.0, "dna-replicatie": 0.12325613839285714, "fotosynthese": 0.0, "osmose": 0.0, "sequencing": 0.0}, "title_plain": {"crispr-cas": 0.0, "pcr-reactie": 0.96875, "restrictie-enzym": 0.0, "dna-replicatie": 0.12325613839285714, "fotosynthese": 0.0, "osmose": 0.0, "sequencing": 0.0}}}