{"freeze": "beta", "user": "docent3", "queries": {"keywords": {"de-adolecent": 0.0, "beroepsonderwijs": 0.0, "instructie": 0.0}, "keywords|text": {"de-adolecent": 0.0, "beroepsonderwijs": 0.6444233561379319, "instructie": 0.4729359944661458}, "keywords|text|text_plain": {"de-adolecent": 0.0, "beroepsonderwijs": 0.41001896752833455, "instructie": 0.5995969700050495}, "keywords|text|text_plain|title^2": {"de-adolecent": 0.0, "beroepsonderwijs": 0.9842095687026551, "instructie": 0.36070170157235387}, "keywords|text|text_plain|title^2|title_plain": {"de-adolecent": 0.0, "beroepsonderwijs": 0.9842095687026551, "instructie": 0.36070170157235387}, "keywords|text|text_plain|title_plain": {"de-adolecent": 0.0, "beroepsonderwijs": 0.9842095687026551, "instructie": 0.4424242200458346}, "keywords|text|title^2": {"de-adolecent": 0.0, "beroepsonderwijs": 0.9842095985832419, "instructie": 0.3567531079053879}, "keywords|text|title^2|title_plain": {"de-adolecent": 0.0, "beroepsonderwijs": 0.9842095985832419, "instructie": 0.3546952058871587}, "keywords|text|title_plain": {"de-adolecent": 0.0, "beroepsonderwijs": 0.9842095985832419, "instructie": 0.40895065665245056}, "keywords|text_plain": {"de-adolecent": 0.0, "beroepsonderwijs": 0.3657821605367594, "instructie": 0.47266351609002977}, "keywords|text_plain|title^2": {"de-adolecent": 0.0, "beroepsonderwijs": 0.9842095547016925, "instructie": 0.35672374584458094}, "keywords|text_plain|title^2|title_plain": {"de-adolecent": 0.0, "beroepsonderwijs": 0.9842095547016925, "instructie": 0.35466584382635175}, "keywords|text_plain|title_plain": {"de-adolecent": 0.0, "beroepsonderwijs": 0.9842095547016925, "instructie": 0.40891476968924206}, "keywords|title^2": {"de-adolecent": 0.0, "beroepsonderwijs": 0.9842094580332438, "instructie": 0.3173828125}, "keywords|title^2|title_plain": {"de-adolecent": 0.0, "beroepsonderwijs": 0.9842094580332438, "instructie": 0.3173828125}, "keywords|title_plain": {"de-adolecent": 0.0, "beroepsonderwijs": 0.9842094580332438, "instructie": 0.3173828125}, "text": {"de-adolecent": 0.0, "beroepsonderwijs": 0.6444233561379319, "instructie": 0.6014549980286691}, "text|text_plain": {"de-adolecent": 0.0, "beroepsonderwijs": 0.41001896752833455, "instructie": 0.6011624583843513}, "text|text_plain|title^2": {"de-adolecent": 0.0, "beroepsonderwijs": 0.9842095687026551, "instructie": 0.3638049674013778}, "text|text_plain|title^2|title_plain": {"de-adolecent": 0.0, "beroepsonderwijs": 0.9842095687026551, "instructie": 0.36071811437403406}, "text|text_plain|title_plain": {"de-adolecent": 0.0, "beroepsonderwijs": 0.9842095687026551, "instructie": 0.5038355247339091}, "text|title^2": {"de-adolecent": 0.0, "beroepsonderwijs": 0.9842095985832419, "instructie": 0.36074020905030624}, "text|title^2|title_plain": {"de-adolecent": 0.0, "beroepsonderwijs": 0.9842095985832419, "instructie": 0.36074020905030624}, "text|title_plain": {"de-adolecent": 0.0, "beroepsonderwijs": 0.9842095985832419, "instructie": 0.4938437023134496}, "text_plain": {"de-adolecent": 0.0, "beroepsonderwijs": 0.3657821605367594, "instructie": 0.47439039116657095}, "text_plain|title^2": {"de-adolecent": 0.0, "beroepsonderwijs": 0.9842095547016925, "instructie": 0.3569633696337755}, "text_plain|title^2|title_plain": {"de-adolecent": 0.0, "beroepsonderwijs": 0.9842095547016925, "instructie": 0.3569633696337755}, "text_plain|title_plain": {"de-adolecent": 0.0, "beroepsonderwijs": 0.9842095547016925, "instructie": 0.48672628831291886}, "title^2": {"de-adolecent": 0.0, "beroepsonderwijs": 0.9842094580332438, "instructie": 0.5517578125}, "title^2|title_plain": {"de-adolecent": 0.0, "beroepsonderwijs": 0.9842094580332438, "instructie": 0.5517578125}, "title_plain": {"de-adolecent": 0.0, "beroepsonderwijs": 0.9842094580332438, "instructie": 0.59326171875}}}