{"freeze": "beta", "user": "docent6", "queries": {"description": {"onderzoeksaanpak-visualiseren": 0.0, "datavisualisatie": 0.0, "scannend-lezen": 0.0, "onderzoeksruimte-veld": 0.0, "mindmappen": 0.0, "onderzoek-aanpak": 0.0, "begrijpend-lezen": 0.0}, "description|keywords": {"onderzoeksaanpak-visualiseren": 0.04496806310663263, "datavisualisatie": 0.0, "scannend-lezen": 0.0, "onderzoeksruimte-veld": 0.0, "mindmappen": 0.0, "onderzoek-aanpak": 0.0, "begrijpend-lezen": 0.8288866916793576}, "description|keywords|text": {"onderzoeksaanpak-visualiseren": 0.5588847142873179, "datavisualisatie": 0.5623509839070968, "scannend-lezen": 0.5531464700081435, "onderzoeksruimte-veld": 0.5, "mindmappen": 1.0, "onderzoek-aanpak": 0.6169429475880909, "begrijpend-lezen": 0.7071088694138148}, "description|keywords|text|text_plain": {"onderzoeksaanpak-visualiseren": 0.5588847142873179, "datavisualisatie": 0.5623509839070968, "scannend-lezen": 0.5531464700081435, "onderzoeksruimte-veld": 0.5, "mindmappen": 1.0, "onderzoek-aanpak": 0.7006477590588481, "begrijpend-lezen": 0.6517703625545107}, "description|keywords|text|text_plain|title^2": {"onderzoeksaanpak-visualiseren": 0.5588847142873179, "datavisualisatie": 0.6373739074431329, "scannend-lezen": 0.360054614577234, "onderzoeksruimte-veld": 0.5, "mindmappen": 1.0, "onderzoek-aanpak": 0.37070037330184746, "begrijpend-lezen": 0.7040569671975974}, "description|keywords|text|text_plain|title^2|title_plain": {"onderzoeksaanpak-visualiseren": 0.5588847142873179, "datavisualisatie": 0.6373739074431329, "scannend-lezen": 0.24816574496561808, "onderzoeksruimte-veld": 0.5, "mindmappen": 1.0, "onderzoek-aanpak": 0.37070037330184746, "begrijpend-lezen": 0.6976962871167763}, "description|keywords|text|text_plain|title_plain": {"onderzoeksaanpak-visualiseren": 0.5588847142873179, "datavisualisatie": 0.974122003561623, "scannend-lezen": 0.5531464700081435, "onderzoeksruimte-veld": 0.5, "mindmappen": 1.0, "onderzoek-aanpak": 0.6435957235849202, "begrijpend-lezen": 0.7097690560179424}, "description|keywords|text|title^2": {"onderzoeksaanpak-visualiseren": 0.5588847142873179, "datavisualisatie": 0.6373739074431329, "scannend-lezen": 0.20909052749017537, "onderzoeksruimte-veld": 0.5, "mindmappen": 1.0, "onderzoek-aanpak": 0.18535018665092373, "begrijpend-lezen": 0.7043209620095368}, "description|keywords|text|title^2|title_plain": {"onderzoeksaanpak-visualiseren": 0.5588847142873179, "datavisualisatie": 0.6373739074431329, "scannend-lezen": 0.08133484538841967, "onderzoeksruimte-veld": 0.5, "mindmappen": 1.0, "onderzoek-aanpak": 0.18535018665092373, "begrijpend-lezen": 0.6965180071493982}, "description|keywords|text|title_plain": {"onderzoeksaanpak-visualiseren": 0.5588847142873179, "datavisualisatie": 0.974122003561623, "scannend-lezen": 0.5531464700081435, "onderzoeksruimte-veld": 0.5, "mindmappen": 1.0, "onderzoek-aanpak": 0.6260717415764536, "begrijpend-lezen": 0.719004930756945}, "description|keywords|text_plain": {"onderzoeksaanpak-visualiseren": 0.5588847142873179, "datavisualisatie": 0.5623509839070968, "scannend-lezen": 0.5531464700081435, "onderzoeksruimte-veld": 0.5, "mindmappen": 1.0, "onderzoek-aanpak": 0.7537574257137566, "begrijpend-lezen": 0.6517703625545107}, "description|keywords|text_plain|title^2": {"onderzoeksaanpak-visualiseren": 0.5588847142873179, "datavisualisatie": 0.6373739074431329, "scannend-lezen": 0.27727342735504823, "onderzoeksruimte-veld": 0.5, "mindmappen": 1.0, "onderzoek-aanpak": 0.2338858951761819, "begrijpend-lezen": 0.7043209620095368}, "description|keywords|text_plain|title^2|title_plain": {"onderzoeksaanpak-visualiseren": 0.5588847142873179, "datavisualisatie": 0.6373739074431329, "scannend-lezen": 0.20503241819862078, "onderzoeksruimte-veld": 0.5, "mindmappen": 1.0, "onderzoek-aanpak": 0.18535018665092373, "begrijpend-lezen": 0.6971544081185952}, "description|keywords|text_plain|title_plain": {"onderzoeksaanpak-visualiseren": 0.5588847142873179, "datavisualisatie": 0.974122003561623, "scannend-lezen": 0.5531464700081435, "onderzoeksruimte-veld": 0.5, "mindmappen": 1.0, "onderzoek-aanpak": 0.6670737654149195, "begrijpend-lezen": 0.7197688069598623}, "description|keywords|title^2": {"onderzoeksaanpak-visualiseren": 0.04496806310663263, "datavisualisatie": 0.5522515717485723, "scannend-lezen": 0.0, "onderzoeksruimte-veld": 0.0, "mindmappen": 1.0, "onderzoek-aanpak": 0.09488373534660215, "begrijpend-lezen": 0.7269291935480388}, "description|keywords|title^2|title_plain": {"onderzoeksaanpak-visualiseren": 0.04496806310663263, "datavisualisatie": 0.5522515717485723, "scannend-lezen": 0.0, "onderzoeksruimte-veld": 0.0, "mindmappen": 1.0, "onderzoek-aanpak": 0.10715643902447473, "begrijpend-lezen": 0.6537489714028628}, "description|keywords|title_plain": {"onderzoeksaanpak-visualiseren": 0.04496806310663263, "datavisualisatie": 0.5522515717485723, "scannend-lezen": 0.0, "onderzoeksruimte-veld": 0.0, "mindmappen": 1.0, "onderzoek-aanpak": 0.10715643902447473, "begrijpend-lezen": 0.7411748684297713}, "description|text": {"onderzoeksaanpak-visualiseren": 0.6364260996967682, "datavisualisatie": 0.5623509839070968, "scannend-lezen": 0.9374130297304556, "onderzoeksruimte-veld": 0.5, "mindmappen": 1.0, "onderzoek-aanpak": 0.5152975724079244, "begrijpend-lezen": 0.5995037253743156}, "description|text|text_plain": {"onderzoeksaanpak-visualiseren": 0.6364260996967682, "datavisualisatie": 0.5623509839070968, "scannend-lezen": 0.8940043068327735, "onderzoeksruimte-veld": 0.5, "mindmappen": 1.0, "onderzoek-aanpak": 0.4582455369339965, "begrijpend-lezen": 0.5763245358779051}, "description|text|text_plain|title^2": {"onderzoeksaanpak-visualiseren": 0.6364260996967682, "datavisualisatie": 0.6373739074431329, "scannend-lezen": 0.5531464700081435, "onderzoeksruimte-veld": 0.5, "mindmappen": 1.0, "onderzoek-aanpak": 0.2338858951761819, "begrijpend-lezen": 0.7024798629835904}, "description|text|text_plain|title^2|title_plain": {"onderzoeksaanpak-visualiseren": 0.6364260996967682, "datavisualisatie": 0.6373739074431329, "scannend-lezen": 0.4852285551163225, "onderzoeksruimte-veld": 0.5, "mindmappen": 1.0, "onderzoek-aanpak": 0.37070037330184746, "begrijpend-lezen": 0.6955773039045883}, "description|text|text_plain|title_plain": {"onderzoeksaanpak-visualiseren": 0.6364260996967682, "datavisualisatie": 0.974122003561623, "scannend-lezen": 0.8178811269142472, "onderzoeksruimte-veld": 0.5, "mindmappen": 1.0, "onderzoek-aanpak": 0.6123824649839021, "begrijpend-lezen": 0.6461626018188323}, "description|text|title^2": {"onderzoeksaanpak-visualiseren": 0.6364260996967682, "datavisualisatie": 0.6373739074431329, "scannend-lezen": 0.27727342735504823, "onderzoeksruimte-veld": 0.5, "mindmappen": 1.0, "onderzoek-aanpak": 0.11159193176769136, "begrijpend-lezen": 0.7025356412030364}, "description|text|title^2|title_plain": {"onderzoeksaanpak-visualiseren": 0.6364260996967682, "datavisualisatie": 0.6373739074431329, "scannend-lezen": 0.19670374182957595, "onderzoeksruimte-veld": 0.5, "mindmappen": 1.0, "onderzoek-aanpak": 0.14340648005471224, "begrijpend-lezen": 0.6812125163224064}, "description|text|title_plain": {"onderzoeksaanpak-visualiseren": 0.6364260996967682, "datavisualisatie": 0.974122003561623, "scannend-lezen": 0.7088374405620038, "onderzoeksruimte-veld": 0.5, "mindmappen": 1.0, "onderzoek-aanpak": 0.47556798685823654, "begrijpend-lezen": 0.6781461393964151}, "description|text_plain": {"onderzoeksaanpak-visualiseren": 0.6364260996967682, "datavisualisatie": 0.5623509839070968, "scannend-lezen": 0.8940043068327735, "onderzoeksruimte-veld": 0.5, "mindmappen": 1.0, "onderzoek-aanpak": 0.5302592872892539, "begrijpend-lezen": 0.5763245358779051}, "description|text_plain|title^2": {"onderzoeksaanpak-visualiseren": 0.6364260996967682, "datavisualisatie": 0.6373739074431329, "scannend-lezen": 0.5531464700081435, "onderzoeksruimte-veld": 0.5, "mindmappen": 1.0, "onderzoek-aanpak": 0.14340648005471224,