{"freeze": "beta", "user": "docent4", "queries": {"description": {"reflecteren-studenten": 0.0, "onderwijsinnovatie": 0.0, "toetsing": 0.0}, "description|keywords": {"reflecteren-studenten": 0.03250604161007873, "onderwijsinnovatie": 0.0, "toetsing": 0.0}, "description|keywords|text": {"reflecteren-studenten": 0.361209211212755, "onderwijsinnovatie": 0.5749084116824351, "toetsing": 0.0601853921287354}, "description|keywords|text|text_plain": {"reflecteren-studenten": 0.5173470502525522, "onderwijsinnovatie": 0.5749084116824351, "toetsing": 0.0601853921287354}, "description|keywords|text|text_plain|title^2": {"reflecteren-studenten": 0.14484550018329342, "onderwijsinnovatie": 0.5749084116824351, "toetsing": 0.16694145204310326}, "description|keywords|text|text_plain|title^2|title_plain": {"reflecteren-studenten": 0.14484550018329342, "onderwijsinnovatie": 0.5749084116824351, "toetsing": 0.16694145204310326}, "description|keywords|text|text_plain|title_plain": {"reflecteren-studenten": 0.4023312584311295, "onderwijsinnovatie": 0.5749084116824351, "toetsing": 0.16694145204310326}, "description|keywords|text|title^2": {"reflecteren-studenten": 0.12046596897573437, "onderwijsinnovatie": 0.5749084116824351, "toetsing": 0.16694145204310326}, "description|keywords|text|title^2|title_plain": {"reflecteren-studenten": 0.12046596897573437, "onderwijsinnovatie": 0.5749084116824351, "toetsing": 0.16694145204310326}, "description|keywords|text|title_plain": {"reflecteren-studenten": 0.33921657269728034, "onderwijsinnovatie": 0.5749084116824351, "toetsing": 0.16694145204310326}, "description|keywords|text_plain": {"reflecteren-studenten": 0.6829030366203046, "onderwijsinnovatie": 0.5749084116824351, "toetsing": 0.037972754624384555}, "description|keywords|text_plain|title^2": {"reflecteren-studenten": 0.12046596897573437, "onderwijsinnovatie": 0.5749084116824351, "toetsing": 0.15906139348308643}, "description|keywords|text_plain|title^2|title_plain": {"reflecteren-studenten": 0.12046596897573437, "onderwijsinnovatie": 0.5749084116824351, "toetsing": 0.15906139348308643}, "description|keywords|text_plain|title_plain": {"reflecteren-studenten": 0.3991027452289354, "onderwijsinnovatie": 0.5749084116824351, "toetsing": 0.15906139348308643}, "description|keywords|title^2": {"reflecteren-studenten": 0.0, "onderwijsinnovatie": 0.0, "toetsing": 0.4838709677419355}, "description|keywords|title^2|title_plain": {"reflecteren-studenten": 0.0, "onderwijsinnovatie": 0.0, "toetsing": 0.4838709677419355}, "description|keywords|title_plain": {"reflecteren-studenten": 0.023386062050637885, "onderwijsinnovatie": 0.0, "toetsing": 0.4838709677419355}, "description|text": {"reflecteren-studenten": 0.341977623302365, "onderwijsinnovatie": 0.5749084116824351, "toetsing": 0.0601853921287354}, "description|text|text_plain": {"reflecteren-studenten": 0.5008359102792994, "onderwijsinnovatie": 0.5749084116824351, "toetsing": 0.0601853921287354}, "description|text|text_plain|title^2": {"reflecteren-studenten": 0.12046596897573437, "onderwijsinnovatie": 0.5749084116824351, "toetsing": 0.16694145204310326}, "description|text|text_plain|title^2|title_plain": {"reflecteren-studenten": 0.12046596897573437, "onderwijsinnovatie": 0.5749084116824351, "toetsing": 0.16694145204310326}, "description|text|text_plain|title_plain": {"reflecteren-studenten": 0.2946790729475086, "onderwijsinnovatie": 0.5749084116824351, "toetsing": 0.16694145204310326}, "description|text|title^2": {"reflecteren-studenten": 0.12046596897573437, "onderwijsinnovatie": 0.5749084116824351, "toetsing": 0.16694145204310326}, "description|text|title^2|title_plain": {"reflecteren-studenten": 0.12046596897573437, "onderwijsinnovatie": 0.5749084116824351, "toetsing": 0.16694145204310326}, "description|text|title_plain": {"reflecteren-studenten": 0.21593299069552296, "onderwijsinnovatie": 0.5749084116824351, "toetsing": 0.16694145204310326}, "description|text_plain": {"reflecteren-studenten": 0.6732417580335981, "onderwijsinnovatie": 0.5749084116824351, "toetsing": 0.037972754624384555}, "description|text_plain|title^2": {"reflecteren-studenten": 0.12046596897573437, "onderwijsinnovatie": 0.5749084116824351, "toetsing": 0.15906139348308643}, "description|text_plain|title^2|title_plain": {"reflecteren-studenten": 0.12046596897573437, "onderwijsinnovatie": 0.5749084116824351, "toetsing": 0.15906139348308643}, "description|text_plain|title_plain": {"reflecteren-studenten": 0.3708001326020013, "onderwijsinnovatie": 0.5749084116824351, "toetsing": 0.15906139348308643}, "description|title^2": {"reflecteren-studenten": 0.0, "onderwijsinnovatie": 0.0, "toetsing": 0.4838709677419355}, "description|title^2|title_plain": {"reflecteren-studenten": 0.0, "onderwijsinnovatie": 0.0, "toetsing": 0.4838709677419355}, "description|title_plain": {"reflecteren-studenten": 0.12046596897573437, "onderwijsinnovatie": 0.0, "toetsing": 0.4838709677419355}, "keywords": {"reflecteren-studenten": 0.03250604161007873, "onderwijsinnovatie": 0.0, "toetsing": 0.0}, "keywords|text": {"reflecteren-studenten": 0.361209211212755, "onderwijsinnovatie": 0.5749084116824351, "toetsing": 0.0601853921287354}, "keywords|text|text_plain": {"reflecteren-studenten": 0.5173470502525522, "onderwijsinnovatie": 0.5749084116824351, "toetsing": 0.0601853921287354}, "keywords|text|text_plain|title^2": {"reflecteren-studenten": 0.14484550018329342, "onderwijsinnovatie": 0.5749084116824351, "toetsing": 0.16694145204310326}, "keywords|text|text_plain|title^2|title_plain": {"reflecteren-studenten": 0.14484550018329342, "onderwijsinnovatie": 0.5749084116824351, "toetsing": 0.16694145204310326}, "keywords|text|text_plain|title_plain": {"reflecteren-studenten": 0.4023312584311295, "onderwijsinnovatie": 0.5749084116824351, "toetsing": 0.16694145204310326}, "keywords|text|title^2": {"reflecteren-studenten": 0.12046596897573437, "onderwijsinnovatie": 0.5749084116824351, "toetsing": 0.16694145204310326}, "keywords|text|title^2|title_plain": {"reflecteren-studenten": 0.12046596897573437, "onderwijsinnovatie": 0.5749084116824351, "toetsing": 0.16694145204310326}, "keywords|text|title_plain": {"reflecteren-studenten": 0.33921657269728034, "onderwijsinnovatie": 0.5749084116824351, "toetsing": 0.16694145204310326}, "keywords|text_plain": {"reflecteren-studenten": 0.6829030366203046, "onderwijsinnovatie": 0.5749084116824351, "toetsing": 0.037972754624384555}, "keywords|text_plain|title^2": {"reflecteren-studenten": 0.12046596897573437, "onderwijsinnovatie": 0.5749084116824351, "toetsing": 0.15906139348308643}, "keywords|text_plain|title^2|title_plain": {"reflecteren-studenten": 0.12046596897573437, "onderwijsinnovatie": 0.5749084116824351, "toetsing": 0.15906139348308643}, "keywords|text_plain|title_plain": {"reflecteren-studenten": 0.3991027452289354, "onderwijsinnovatie": 0.5749084116824351, "toetsing": 0.15906139348308643}, "keywords|title^2": {"reflecteren-studenten": 0.0, "onderwijsinnovatie": 0.0, "toetsing": 0.4838709677419355}, "keywords|title^2|title_plain": {"reflecteren-studenten": 0.0, "onderwijsinnovatie": 0.0, "toetsing": 0.4838709677419355}, "keywords|title_plain": {"reflecteren-studenten": 0.023386062050637885, "onderwijsinnovatie": 0.0, "toetsing": 0.4838709677419355}, "text": {"reflecteren-studenten": 0.341977623302365, "onderwijsinnovatie": 0.5749084116824351, "toetsing": 0.0601853921287354}, "text|text_plain": {"reflecteren-studenten": 0.5008359102792994, "onderwijsinnovatie": 0.5749084116824351, "toetsing": 0.0601853921287354}, "text|text_plain|title^2": {"reflecteren-studenten": 0.12046596897573437, "onderwijsinnovatie": 0.5749084116824351, "toetsing": 0.16694145204310326}, "text|text_plain|title^2|title_plain": {"reflecteren-studenten": 0.12046596897573437, "onderwijsinnovatie": 0.5749084116824351, "toetsing": 0.16694145204310326}, "text|text_plain|title_plain": {"reflecteren-studenten": 0.2946790729475086, "onderwijsinnovatie": 0.5749084116824351, "toetsing": 0.16694145204310326},