{"freeze": "beta", "user": "docent5", "queries": {"description": {"crispr-cas": 0.0, "pcr-reactie": 0.0, "restrictie-enzym": 0.0, "dna-replicatie": 0.0, "fotosynthese": 0.0, "osmose": 0.0, "sequencing": 0.0}, "description|keywords": {"crispr-cas": 0.0, "pcr-reactie": 0.0, "restrictie-enzym": 0.0, "dna-replicatie": 0.0, "fotosynthese": 0.0, "osmose": 0.0, "sequencing": 0.0}, "description|keywords|text": {"crispr-cas": 0.746787207804481, "pcr-reactie": 0.4306765580733931, "restrictie-enzym": 0.0, "dna-replicatie": 0.7584979984867134, "fotosynthese": 0.19016468617944793, "osmose": 0.8711600416609142, "sequencing": 0.6545499785568825}, "description|keywords|text|text_plain": {"crispr-cas": 0.746787207804481, "pcr-reactie": 0.4306765580733931, "restrictie-enzym": 0.0, "dna-replicatie": 0.886733551084377, "fotosynthese": 0.18727650841077584, "osmose": 0.8711600416609142, "sequencing": 0.7240933715447768}, "description|keywords|text|text_plain|title^2": {"crispr-cas": 0.746787207804481, "pcr-reactie": 0.6309297535714574, "restrictie-enzym": 0.0, "dna-replicatie": 0.8975000374236041, "fotosynthese": 0.18727650841077584, "osmose": 0.8711600416609142, "sequencing": 0.7240933715447768}, "description|keywords|text|text_plain|title^2|title_plain": {"crispr-cas": 0.746787207804481, "pcr-reactie": 0.6309297535714574, "restrictie-enzym": 0.0, "dna-replicatie": 0.894826094257252, "fotosynthese": 0.18727650841077584, "osmose": 0.8711600416609142, "sequencing": 0.7240933715447768}, "description|keywords|text|text_plain|title_plain": {"crispr-cas": 0.746787207804481, "pcr-reactie": 0.5, "restrictie-enzym": 0.0, "dna-replicatie": 0.886733551084377, "fotosynthese": 0.18727650841077584, "osmose": 0.8711600416609142, "sequencing": 0.7240933715447768}, "description|keywords|text|title^2": {"crispr-cas": 0.746787207804481, "pcr-reactie": 0.6309297535714574, "restrictie-enzym": 0.0, "dna-replicatie": 0.8469329877916556, "fotosynthese": 0.19016468617944793, "osmose": 0.8711600416609142, "sequencing": 0.6545499785568825}, "description|keywords|text|title^2|title_plain": {"crispr-cas": 0.746787207804481, "pcr-reactie": 0.6309297535714574, "restrictie-enzym": 0.0, "dna-replicatie": 0.8924252740520234, "fotosynthese": 0.19016468617944793, "osmose": 0.8711600416609142, "sequencing": 0.6545499785568825}, "description|keywords|text|title_plain": {"crispr-cas": 0.746787207804481, "pcr-reactie": 0.5, "restrictie-enzym": 0.0, "dna-replicatie": 0.886733551084377, "fotosynthese": 0.19016468617944793, "osmose": 0.8711600416609142, "sequencing": 0.6545499785568825}, "description|keywords|text_plain": {"crispr-cas": 0.746787207804481, "pcr-reactie": 0.4306765580733931, "restrictie-enzym": 0.0, "dna-replicatie": 0.886733551084377, "fotosynthese": 0.18727650841077584, "osmose": 0.8711600416609142, "sequencing": 0.848560814586571}, "description|keywords|text_plain|title^2": {"crispr-cas": 0.746787207804481, "pcr-reactie": 0.6309297535714574, "restrictie-enzym": 0.0, "dna-replicatie": 0.8469329877916556, "fotosynthese": 0.18727650841077584, "osmose": 0.8711600416609142, "sequencing": 0.848560814586571}, "description|keywords|text_plain|title^2|title_plain": {"crispr-cas": 0.746787207804481, "pcr-reactie": 0.6309297535714574, "restrictie-enzym": 0.0, "dna-replicatie": 0.8924252740520234, "fotosynthese": 0.18727650841077584, "osmose": 0.8711600416609142, "sequencing": 0.848560814586571}, "description|keywords|text_plain|title_plain": {"crispr-cas": 0.746787207804481, "pcr-reactie": 0.5, "restrictie-enzym": 0.0, "dna-replicatie": 0.886733551084377, "fotosynthese": 0.18727650841077584, "osmose": 0.8711600416609142, "sequencing": 0.848560814586571}, "description|keywords|title^2": {"crispr-cas": 0.0, "pcr-reactie": 0.5, "restrictie-enzym": 0.0, "dna-replicatie": 0.2564528365677971, "fotosynthese": 0.0, "osmose": 0.0, "sequencing": 0.0}, "description|keywords|title^2|title_plain": {"crispr-cas": 0.0, "pcr-reactie": 0.5, "restrictie-enzym": 0.0, "dna-replicatie": 0.2564528365677971, "fotosynthese": 0.0, "osmose": 0.0, "sequencing": 0.0}, "description|keywords|title_plain": {"crispr-cas": 0.0, "pcr-reactie": 1.0, "restrictie-enzym": 0.0, "dna-replicatie": 0.2564528365677971, "fotosynthese": 0.0, "osmose": 0.0, "sequencing": 0.0}, "description|text": {"crispr-cas": 0.746787207804481, "pcr-reactie": 0.4306765580733931, "restrictie-enzym": 0.0, "dna-replicatie": 0.7584979984867134, "fotosynthese": 0.19016468617944793, "osmose": 0.8711600416609142, "sequencing": 0.6545499785568825}, "description|text|text_plain": {"crispr-cas": 0.746787207804481, "pcr-reactie": 0.4306765580733931, "restrictie-enzym": 0.0, "dna-replicatie": 0.886733551084377, "fotosynthese": 0.18727650841077584, "osmose": 0.8711600416609142, "sequencing": 0.7240933715447768}, "description|text|text_plain|title^2": {"crispr-cas": 0.746787207804481, "pcr-reactie": 0.6309297535714574, "restrictie-enzym": 0.0, "dna-replicatie": 0.8975000374236041, "fotosynthese": 0.18727650841077584, "osmose": 0.8711600416609142, "sequencing": 0.7240933715447768}, "description|text|text_plain|title^2|title_plain": {"crispr-cas": 0.746787207804481, "pcr-reactie": 0.6309297535714574, "restrictie-enzym": 0.0, "dna-replicatie": 0.894826094257252, "fotosynthese": 0.18727650841077584, "osmose": 0.8711600416609142, "sequencing": 0.7240933715447768}, "description|text|text_plain|title_plain": {"crispr-cas": 0.746787207804481, "pcr-reactie": 0.5, "restrictie-enzym": 0.0, "dna-replicatie": 0.886733551084377, "fotosynthese": 0.18727650841077584, "osmose": 0.8711600416609142, "sequencing": 0.7240933715447768}, "description|text|title^2": {"crispr-cas": 0.746787207804481, "pcr-reactie": 0.6309297535714574, "restrictie-enzym": 0.0, "dna-replicatie": 0.8469329877916556, "fotosynthese": 0.19016468617944793, "osmose": 0.8711600416609142, "sequencing": 0.6545499785568825}, "description|text|title^2|title_plain": {"crispr-cas": 0.746787207804481, "pcr-reactie": 0.6309297535714574, "restrictie-enzym": 0.0, "dna-replicatie": 0.8924252740520234, "fotosynthese": 0.19016468617944793, "osmose": 0.8711600416609142, "sequencing": 0.6545499785568825}, "description|text|title_plain": {"crispr-cas": 0.746787207804481, "pcr-reactie": 0.5, "restrictie-enzym": 0.0, "dna-replicatie": 0.886733551084377, "fotosynthese": 0.19016468617944793, "osmose": 0.8711600416609142, "sequencing": 0.6545499785568825}, "description|text_plain": {"crispr-cas": 0.746787207804481, "pcr-reactie": 0.4306765580733931, "restrictie-enzym": 0.0, "dna-replicatie": 0.886733551084377, "fotosynthese": 0.18727650841077584, "osmose": 0.8711600416609142, "sequencing": 0.8610135190792645}, "description|text_plain|title^2": {"crispr-cas": 0.746787207804481, "pcr-reactie": 0.6309297535714574, "restrictie-enzym": 0.0, "dna-replicatie": 0.8469329877916556, "fotosynthese": 0.18727650841077584, "osmose": 0.8711600416609142, "sequencing": 0.8610135190792645}, "description|text_plain|title^2|title_plain": {"crispr-cas": 0.746787207804481, "pcr-reactie": 0.6309297535714574, "restrictie-enzym": 0.0, "dna-replicatie": 0.8924252740520234, "fotosynthese": 0.18727650841077584, "osmose": 0.8711600416609142, "sequencing": 0.8610135190792645}, "description|text_plain|title_plain": {"crispr-cas": 0.746787207804481, "pcr-reactie": 0.5, "restrictie-enzym": 0.0, "dna-replicatie": 0.886733551084377, "fotosynthese": 0.18727650841077584, "osmose": 0.8711600416609142, "sequencing": 0.8610135190792645}, "description|title^2": {"crispr-cas": 0.0, "pcr-reactie": 0.5, "restrictie-enzym": 0.0, "dna-replicatie": 0.2564528365677971, "fotosynthese": 0.0, "osmose": 0.0, "sequencing": 0.0}, "description|title^2|title_plain": {"crispr-cas": 0.0, "pcr-reactie": 0.5, "restrictie-enzym": 0.0, "dna-replicatie": 0.2564528365677971, "fotosynthese": 0.0, "osmose": 0.0, "sequencing": 0.0}, "description|title_plain": {"crispr-cas": 0.0, "pcr-reactie": 1.0, "restrictie-enzym": 0.0, "dna-replicatie": 0.2564528365677971, "fotosynthese": 0.0, "osmose": 0.0,