{"freeze": "beta", "user": "docent6", "queries": {"description": {"onderzoeksaanpak-visualiseren": 0.0, "datavisualisatie": 0.0, "scannend-lezen": 0.0, "onderzoeksruimte-veld": 0.0, "mindmappen": 0.0, "onderzoek-aanpak": 0.0, "begrijpend-lezen": 0.0}, "description|keywords": {"onderzoeksaanpak-visualiseren": 0.014583333333333334, "datavisualisatie": 0.0, "scannend-lezen": 0.0, "onderzoeksruimte-veld": 0.0, "mindmappen": 0.0, "onderzoek-aanpak": 0.0, "begrijpend-lezen": 0.9777556662125784}, "description|keywords|text": {"onderzoeksaanpak-visualiseren": 0.38866751534598215, "datavisualisatie": 0.3616536458333333, "scannend-lezen": 0.30419921875, "onderzoeksruimte-veld": 0.3229166666666667, "mindmappen": 0.46875, "onderzoek-aanpak": 0.40592447916666663, "begrijpend-lezen": 0.4913389947255088}, "description|keywords|text|text_plain": {"onderzoeksaanpak-visualiseren": 0.38866751534598215, "datavisualisatie": 0.3616536458333333, "scannend-lezen": 0.30419921875, "onderzoeksruimte-veld": 0.3229166666666667, "mindmappen": 0.46875, "onderzoek-aanpak": 0.597412109375, "begrijpend-lezen": 0.2882139855582387}, "description|keywords|text|text_plain|title^2": {"onderzoeksaanpak-visualiseren": 0.38866751534598215, "datavisualisatie": 0.486083984375, "scannend-lezen": 0.152099609375, "onderzoeksruimte-veld": 0.3229166666666667, "mindmappen": 0.46875, "onderzoek-aanpak": 0.46875, "begrijpend-lezen": 0.41001972450816354}, "description|keywords|text|text_plain|title^2|title_plain": {"onderzoeksaanpak-visualiseren": 0.38866751534598215, "datavisualisatie": 0.486083984375, "scannend-lezen": 0.07367621527777778, "onderzoeksruimte-veld": 0.3229166666666667, "mindmappen": 0.46875, "onderzoek-aanpak": 0.46875, "begrijpend-lezen": 0.40940049441238463}, "description|keywords|text|text_plain|title_plain": {"onderzoeksaanpak-visualiseren": 0.38866751534598215, "datavisualisatie": 0.9710286458333334, "scannend-lezen": 0.30419921875, "onderzoeksruimte-veld": 0.3229166666666667, "mindmappen": 0.46875, "onderzoek-aanpak": 0.5545247395833334, "begrijpend-lezen": 0.4100304990150189}, "description|keywords|text|title^2": {"onderzoeksaanpak-visualiseren": 0.38866751534598215, "datavisualisatie": 0.486083984375, "scannend-lezen": 0.046332465277777776, "onderzoeksruimte-veld": 0.3229166666666667, "mindmappen": 0.46875, "onderzoek-aanpak": 0.15625, "begrijpend-lezen": 0.4100199607241486}, "description|keywords|text|title^2|title_plain": {"onderzoeksaanpak-visualiseren": 0.38866751534598215, "datavisualisatie": 0.486083984375, "scannend-lezen": 0.012867647058823529, "onderzoeksruimte-veld": 0.3229166666666667, "mindmappen": 0.46875, "onderzoek-aanpak": 0.15625, "begrijpend-lezen": 0.4093988137516165}, "description|keywords|text|title_plain": {"onderzoeksaanpak-visualiseren": 0.38866751534598215, "datavisualisatie": 0.9710286458333334, "scannend-lezen": 0.30419921875, "onderzoeksruimte-veld": 0.3229166666666667, "mindmappen": 0.46875, "onderzoek-aanpak": 0.5422712053571429, "begrijpend-lezen": 0.4100472481338307}, "description|keywords|text_plain": {"onderzoeksaanpak-visualiseren": 0.38866751534598215, "datavisualisatie": 0.3616536458333333, "scannend-lezen": 0.30419921875, "onderzoeksruimte-veld": 0.3229166666666667, "mindmappen": 0.46875, "onderzoek-aanpak": 0.6402994791666666, "begrijpend-lezen": 0.2882139855582387}, "description|keywords|text_plain|title^2": {"onderzoeksaanpak-visualiseren": 0.38866751534598215, "datavisualisatie": 0.486083984375, "scannend-lezen": 0.0888671875, "onderzoeksruimte-veld": 0.3229166666666667, "mindmappen": 0.46875, "onderzoek-aanpak": 0.234375, "begrijpend-lezen": 0.4100199607241486}, "description|keywords|text_plain|title^2|title_plain": {"onderzoeksaanpak-visualiseren": 0.38866751534598215, "datavisualisatie": 0.486083984375, "scannend-lezen": 0.04443359375, "onderzoeksruimte-veld": 0.3229166666666667, "mindmappen": 0.46875, "onderzoek-aanpak": 0.15625, "begrijpend-lezen": 0.4093988167420363}, "description|keywords|text_plain|title_plain": {"onderzoeksaanpak-visualiseren": 0.38866751534598215, "datavisualisatie": 0.9710286458333334, "scannend-lezen": 0.30419921875, "onderzoeksruimte-veld": 0.3229166666666667, "mindmappen": 0.46875, "onderzoek-aanpak": 0.5716796875, "begrijpend-lezen": 0.41004725189384383}, "description|keywords|title^2": {"onderzoeksaanpak-visualiseren": 0.014583333333333334, "datavisualisatie": 0.484375, "scannend-lezen": 0.0, "onderzoeksruimte-veld": 0.0, "mindmappen": 0.46875, "onderzoek-aanpak": 0.033482142857142856, "begrijpend-lezen": 0.6443963175207945}, "description|keywords|title^2|title_plain": {"onderzoeksaanpak-visualiseren": 0.014583333333333334, "datavisualisatie": 0.484375, "scannend-lezen": 0.0, "onderzoeksruimte-veld": 0.0, "mindmappen": 0.46875, "onderzoek-aanpak": 0.046875, "begrijpend-lezen": 0.4090759242711041}, "description|keywords|title_plain": {"onderzoeksaanpak-visualiseren": 0.014583333333333334, "datavisualisatie": 0.484375, "scannend-lezen": 0.0, "onderzoeksruimte-veld": 0.0, "mindmappen": 0.46875, "onderzoek-aanpak": 0.046875, "begrijpend-lezen": 0.6444222109905203}, "description|text": {"onderzoeksaanpak-visualiseren": 0.45201873779296875, "datavisualisatie": 0.3616536458333333, "scannend-lezen": 0.36862578615546227, "onderzoeksruimte-veld": 0.3229166666666667, "mindmappen": 0.46875, "onderzoek-aanpak": 0.284912109375, "begrijpend-lezen": 0.36548724603352806}, "description|text|text_plain": {"onderzoeksaanpak-visualiseren": 0.45201873779296875, "datavisualisatie": 0.3616536458333333, "scannend-lezen": 0.35153912131985027, "onderzoeksruimte-veld": 0.3229166666666667, "mindmappen": 0.46875, "onderzoek-aanpak": 0.24202473958333331, "begrijpend-lezen": 0.3264735702007424}, "description|text|text_plain|title^2": {"onderzoeksaanpak-visualiseren": 0.45201873779296875, "datavisualisatie": 0.486083984375, "scannend-lezen": 0.30419921875, "onderzoeksruimte-veld": 0.3229166666666667, "mindmappen": 0.46875, "onderzoek-aanpak": 0.234375, "begrijpend-lezen": 0.41001971235047363}, "description|text|text_plain|title^2|title_plain": {"onderzoeksaanpak-visualiseren": 0.45201873779296875, "datavisualisatie": 0.486083984375, "scannend-lezen": 0.261474609375, "onderzoeksruimte-veld": 0.3229166666666667, "mindmappen": 0.46875, "onderzoek-aanpak": 0.46875, "begrijpend-lezen": 0.4093988045843464}, "description|text|text_plain|title_plain": {"onderzoeksaanpak-visualiseren": 0.45201873779296875, "datavisualisatie": 0.9710286458333334, "scannend-lezen": 0.3293182214386345, "onderzoeksruimte-veld": 0.3229166666666667, "mindmappen": 0.46875, "onderzoek-aanpak": 0.5330810546875, "begrijpend-lezen": 0.355676912948718}, "description|text|title^2": {"onderzoeksaanpak-visualiseren": 0.45201873779296875, "datavisualisatie": 0.486083984375, "scannend-lezen": 0.0888671875, "onderzoeksruimte-veld": 0.3229166666666667, "mindmappen": 0.46875, "onderzoek-aanpak": 0.052083333333333336, "begrijpend-lezen": 0.41001994353551713}, "description|text|title^2|title_plain": {"onderzoeksaanpak-visualiseren": 0.45201873779296875, "datavisualisatie": 0.486083984375, "scannend-lezen": 0.03984177714646465, "onderzoeksruimte-veld": 0.3229166666666667, "mindmappen": 0.46875, "onderzoek-aanpak": 0.09375, "begrijpend-lezen": 0.40889360462376734}, "description|text|title_plain": {"onderzoeksaanpak-visualiseren": 0.45201873779296875, "datavisualisatie": 0.9710286458333334, "scannend-lezen": 0.3164416990782085, "onderzoeksruimte-veld": 0.3229166666666667, "mindmappen": 0.46875, "onderzoek-aanpak": 0.2987060546875, "begrijpend-lezen": 0.4088906029698804}, "description|text_plain": {"onderzoeksaanpak-visualiseren": 0.45201873779296875, "datavisualisatie": 0.3616536458333333, "scannend-lezen": 0.35153912131985027, "onderzoeksruimte-veld": 0.3229166666666667, "mindmappen": 0.46875, "onderzoek-aanpak": 0.3373046875, "begrijpend-lezen": 0.3264735702007424}, "description|text_plain|title^2": {"onderzoeksaanpak-visualiseren": 0.45201873779296875,