{
  "freeze": "alpha",
  "user": "jelmer",
  "queries": {
    "keywords": {
      "harmony": 1,
      "genen": 0,
      "feedback-geven": 0.20405867290298724,
      "noteren-van-muziek": 0,
      "leren": 0,
      "leren-leren": 0,
      "muzieknotatie": 0,
      "reflectievaardigheden": 0,
      "genetische-modificatie": 0.0454887544223316,
      "harmonie": 0.7872981256267447,
      "genetic-modification": 0.2830934684210007
    },
    "keywords|text": {
      "harmony": 0.9637231307314973,
      "genen": 0,
      "feedback-geven": 0.22090302842141987,
      "noteren-van-muziek": 0.7891488362141742,
      "leren": 0,
      "leren-leren": 0,
      "muzieknotatie": 0,
      "reflectievaardigheden": 0.22580645161290322,
      "genetische-modificatie": 0.9025290766420436,
      "harmonie": 0.8780353708583515,
      "genetic-modification": 0.6965810831776216
    },
    "keywords|text|text_plain": {
      "harmony": 0.9667134444620195,
      "genen": 0,
      "feedback-geven": 0.23792967799071676,
      "noteren-van-muziek": 0.8304735834208378,
      "leren": 0,
      "leren-leren": 0,
      "muzieknotatie": 0,
      "reflectievaardigheden": 0.22580645161290322,
      "genetische-modificatie": 0.8417423313514072,
      "harmonie": 0.8941629470256828,
      "genetic-modification": 0.6893285916628255
    },
    "keywords|text|text_plain|title^2": {
      "harmony": 0.9667134444620195,
      "genen": 0,
      "feedback-geven": 0.477056640358943,
      "noteren-van-muziek": 0.4977400963539589,
      "leren": 0,
      "leren-leren": 0,
      "muzieknotatie": 0,
      "reflectievaardigheden": 0.22580645161290322,
      "genetische-modificatie": 0.8374342567845952,
      "harmonie": 0.7181701484956052,
      "genetic-modification": 0.7554538189213335
    },
    "keywords|text|text_plain|title^2|title_plain": {
      "harmony": 0.9667134444620195,
      "genen": 0,
      "feedback-geven": 0.5353865084676699,
      "noteren-van-muziek": 0.465401805205639,
      "leren": 0,
      "leren-leren": 0,
      "muzieknotatie": 0,
      "reflectievaardigheden": 0.22580645161290322,
      "genetische-modificatie": 0.8374342567845952,
      "harmonie": 0.7181701484956052,
      "genetic-modification": 0.7628183804776951
    },
    "keywords|text|text_plain|title_plain": {
      "harmony": 0.9667134444620195,
      "genen": 0,
      "feedback-geven": 0.37905359448734277,
      "noteren-van-muziek": 0.7970360920361242,
      "leren": 0,
      "leren-leren": 0,
      "muzieknotatie": 0,
      "reflectievaardigheden": 0.22580645161290322,
      "genetische-modificatie": 0.8389487599196296,
      "harmonie": 0.8941629470256828,
      "genetic-modification": 0.7406536957801387
    },
    "keywords|text|title^2": {
      "harmony": 0.9637231307314973,
      "genen": 0,
      "feedback-geven": 0.4740965240181185,
      "noteren-van-muziek": 0.4384497434419784,
      "leren": 0,
      "leren-leren": 0,
      "muzieknotatie": 0,
      "reflectievaardigheden": 0.22580645161290322,
      "genetische-modificatie": 0.8686878853648784,
      "harmonie": 0.7154166322570193,
      "genetic-modification": 0.7656484844526393
    },
    "keywords|text|title^2|title_plain": {
      "harmony": 0.9637231307314973,
      "genen": 0,
      "feedback-geven": 0.4716524160361732,
      "noteren-van-muziek": 0.39739096405508934,
      "leren": 0,
      "leren-leren": 0,
      "muzieknotatie": 0,
      "reflectievaardigheden": 0.22580645161290322,
      "genetische-modificatie": 0.8686878853648784,
      "harmonie": 0.7154166322570193,
      "genetic-modification": 0.768037711768505
    },
    "keywords|text|title_plain": {
      "harmony": 0.9637231307314973,
      "genen": 0,
      "feedback-geven": 0.3395311439768861,
      "noteren-van-muziek": 0.6107354795463348,
      "leren": 0,
      "leren-leren": 0,
      "muzieknotatie": 0,
      "reflectievaardigheden": 0.22580645161290322,
      "genetische-modificatie": 0.8715508803868651,
      "harmonie": 0.8904741879715856,
      "genetic-modification": 0.7502804675619599
    },
    "keywords|text_plain": {
      "harmony": 0.9663153208075302,
      "genen": 0,
      "feedback-geven": 0.22090302842141987,
      "noteren-van-muziek": 0.7970360920361242,
      "leren": 0,
      "leren-leren": 0,
      "muzieknotatie": 0,
      "reflectievaardigheden": 0.22580645161290322,
      "genetische-modificatie": 0.8406540798867829,
      "harmonie": 0.8780353708583515,
      "genetic-modification": 0.7397046598483635
    },
    "keywords|text_plain|title^2": {
      "harmony": 0.9663153208075302,
      "genen": 0,
      "feedback-geven": 0.4740965240181185,
      "noteren-van-muziek": 0.45092009589533033,
      "leren": 0,
      "leren-leren": 0,
      "muzieknotatie": 0,
      "reflectievaardigheden": 0.22580645161290322,
      "genetische-modificatie": 0.8365967702599023,
      "harmonie": 0.7154166322570193,
      "genetic-modification": 0.7611021062246593
    },
    "keywords|text_plain|title^2|title_plain": {
      "harmony": 0.9663153208075302,
      "genen": 0,
      "feedback-geven": 0.4716524160361732,
      "noteren-van-muziek": 0.4384497434419784,
      "leren": 0,
      "leren-leren": 0,
      "muzieknotatie": 0,
      "reflectievaardigheden": 0.22580645161290322,
      "genetische-modificatie": 0.8365967702599023,
      "harmonie": 0.7154166322570193,
      "genetic-modification": 0.7544127029526093
    },
    "keywords|text_plain|title_plain": {
      "harmony": 0.9663153208075302,
      "genen": 0,
      "feedback-geven": 0.3395311439768861,
      "noteren-van-muziek": 0.7941172954322989,
      "leren": 0,
      "leren-leren": 0,
      "muzieknotatie": 0,
      "reflectievaardigheden": 0.22580645161290322,
      "genetische-modificatie": 0.8365967702599023,
      "harmonie": 0.8904741879715856,
      "genetic-modification": 0.7459449010207999
    },
    "keywords|title^2": {
      "harmony": 1,
      "genen": 0,
      "feedback-geven": 0.43880534914787844,
      "noteren-van-muziek": 0.01590240511334371,
      "leren": 0,
      "leren-leren": 0,
      "muzieknotatie": 0,
      "reflectievaardigheden": 0,
      "genetische-modificatie": 0.566187970414109,
      "harmonie": 0.702864814667862,
      "genetic-modification": 0.5602608638522443
    },
    "keywords|title^2|title_plain": {
      "harmony": 1,
      "genen": 0,
      "feedback-geven": 0.43840086806150425,
      "noteren-van-muziek": 0.017591752252518793,
      "leren": 0,
      "leren-leren": 0,
      "muzieknotatie": 0,
      "reflectievaardigheden": 0,
      "genetische-modificatie": 0.566187970414109,
      "harmonie": 0.702864814667862,
      "genetic-modification": 0.583970958022113
    },
    "keywords|title_plain": {
      "harmony": 1,
      "genen": 0,
      "feedback-geven": 0.29342945781702295,
      "noteren-van-muziek": 0,
      "leren": 0,
      "leren-leren": 0,
      "muzieknotatie": 0,
      "reflectievaardigheden": 0,
      "genetische-modificatie": 0.566187970414109,
      "harmonie": 0.8721403896864266,
      "genetic-modification": 0.5041469776674848
    },
    "text": {
      "harmony": 0.9557836653438616,
      "genen": 0,
      "feedback-geven": 0.3224462681053296,
      "noteren-van-muziek": 0.8325461019445386,
      "leren": 0,
      "leren-leren": 0,
      "muzieknotatie": 0,
      "reflectievaardigheden": 0.22580645161290322,
      "genetische-modificatie": 0.9025290766420436,
      "harmonie": 0.5429146427904255,
      "genetic-modification": 0.6812177848440976
    },
    "text|text_plain": {
      "harmony": 0.9587739790743837,
      "genen": 0,
      "feedback-geven": 0.33147675171058993,
      "noteren-van-muziek": 0.8325461019445386,
      "leren": 0,
      "leren-leren": 0,
      "muzieknotatie": 0,
      "reflectievaardigheden": 0.22580645161290322,
      "genetische-modificatie": 0.8417423313514072,
      "harmonie": 0.7211606288743744,
      "genetic-modification": 0.6764266156124209
    },