{
  "freeze": "alpha",
  "user": "jelmer",
  "queries": {
    "keywords": {
      "harmony": 0.98388671875,
      "genen": 0,
      "feedback-geven": 0.5552732149759929,
      "noteren-van-muziek": 0,
      "leren": 0,
      "leren-leren": 0,
      "muzieknotatie": 0,
      "reflectievaardigheden": 0,
      "genetische-modificatie": 0.0546875,
      "harmonie": 0.9840749714396662,
      "genetic-modification": 0.47407742341359455
    },
    "keywords|text": {
      "harmony": 0.984208587893754,
      "genen": 0,
      "feedback-geven": 0.5983189940452576,
      "noteren-van-muziek": 0.9842096477519893,
      "leren": 0,
      "leren-leren": 0,
      "muzieknotatie": 0,
      "reflectievaardigheden": 0.21875,
      "genetische-modificatie": 0.9770559836452298,
      "harmonie": 0.9842088685123533,
      "genetic-modification": 0.9841681548521591
    },
    "keywords|text|text_plain": {
      "harmony": 0.9842088580985341,
      "genen": 0,
      "feedback-geven": 0.641459442320324,
      "noteren-van-muziek": 0.9842096477519893,
      "leren": 0,
      "leren-leren": 0,
      "muzieknotatie": 0,
      "reflectievaardigheden": 0.21875,
      "genetische-modificatie": 0.9768421613901712,
      "harmonie": 0.9842096477076102,
      "genetic-modification": 0.9841681457670133
    },
    "keywords|text|text_plain|title^2": {
      "harmony": 0.9842088580985341,
      "genen": 0,
      "feedback-geven": 0.9841407671158033,
      "noteren-van-muziek": 0.14228519578892415,
      "leren": 0,
      "leren-leren": 0,
      "muzieknotatie": 0,
      "reflectievaardigheden": 0.21875,
      "genetische-modificatie": 0.976802012342064,
      "harmonie": 0.49470872750169453,
      "genetic-modification": 0.9842088301018745
    },
    "keywords|text|text_plain|title^2|title_plain": {
      "harmony": 0.9842088580985341,
      "genen": 0,
      "feedback-geven": 0.9842068081682418,
      "noteren-van-muziek": 0.14228519578892415,
      "leren": 0,
      "leren-leren": 0,
      "muzieknotatie": 0,
      "reflectievaardigheden": 0.21875,
      "genetische-modificatie": 0.976802012342064,
      "harmonie": 0.49470872750169453,
      "genetic-modification": 0.9842088402370149
    },
    "keywords|text|text_plain|title_plain": {
      "harmony": 0.9842088580985341,
      "genen": 0,
      "feedback-geven": 0.9801278412342072,
      "noteren-van-muziek": 0.9842096477519893,
      "leren": 0,
      "leren-leren": 0,
      "muzieknotatie": 0,
      "reflectievaardigheden": 0.21875,
      "genetische-modificatie": 0.976817940992404,
      "harmonie": 0.9842096477076102,
      "genetic-modification": 0.9841681485975075
    },
    "keywords|text|title^2": {
      "harmony": 0.984208587893754,
      "genen": 0,
      "feedback-geven": 0.9841405910351092,
      "noteren-van-muziek": 0.11075477357260062,
      "leren": 0,
      "leren-leren": 0,
      "muzieknotatie": 0,
      "reflectievaardigheden": 0.21875,
      "genetische-modificatie": 0.9768624084746036,
      "harmonie": 0.4947087274971766,
      "genetic-modification": 0.9842088418589249
    },
    "keywords|text|title^2|title_plain": {
      "harmony": 0.984208587893754,
      "genen": 0,
      "feedback-geven": 0.9841268463200308,
      "noteren-van-muziek": 0.11047219876766443,
      "leren": 0,
      "leren-leren": 0,
      "muzieknotatie": 0,
      "reflectievaardigheden": 0.21875,
      "genetische-modificatie": 0.9768624084746036,
      "harmonie": 0.4947087274971766,
      "genetic-modification": 0.9842088471364194
    },
    "keywords|text|title_plain": {
      "harmony": 0.984208587893754,
      "genen": 0,
      "feedback-geven": 0.7301212159486917,
      "noteren-van-muziek": 0.9749667038532244,
      "leren": 0,
      "leren-leren": 0,
      "muzieknotatie": 0,
      "reflectievaardigheden": 0.21875,
      "genetische-modificatie": 0.9768856709410377,
      "harmonie": 0.9842096477011679,
      "genetic-modification": 0.984168158001074
    },
    "keywords|text_plain": {
      "harmony": 0.9842088580979396,
      "genen": 0,
      "feedback-geven": 0.5983189940452576,
      "noteren-van-muziek": 0.9842096477519893,
      "leren": 0,
      "leren-leren": 0,
      "muzieknotatie": 0,
      "reflectievaardigheden": 0.21875,
      "genetische-modificatie": 0.976827000412285,
      "harmonie": 0.9842088685123533,
      "genetic-modification": 0.9841681516553543
    },
    "keywords|text_plain|title^2": {
      "harmony": 0.9842088580979396,
      "genen": 0,
      "feedback-geven": 0.9841405910351092,
      "noteren-van-muziek": 0.12455483667414377,
      "leren": 0,
      "leren-leren": 0,
      "muzieknotatie": 0,
      "reflectievaardigheden": 0.21875,
      "genetische-modificatie": 0.9767908498425678,
      "harmonie": 0.4947087274971766,
      "genetic-modification": 0.9842088375375475
    },
    "keywords|text_plain|title^2|title_plain": {
      "harmony": 0.9842088580979396,
      "genen": 0,
      "feedback-geven": 0.9841268463200308,
      "noteren-van-muziek": 0.11075477357260062,
      "leren": 0,
      "leren-leren": 0,
      "muzieknotatie": 0,
      "reflectievaardigheden": 0.21875,
      "genetische-modificatie": 0.9767908498425678,
      "harmonie": 0.4947087274971766,
      "genetic-modification": 0.9842079495988035
    },
    "keywords|text_plain|title_plain": {
      "harmony": 0.9842088580979396,
      "genen": 0,
      "feedback-geven": 0.7301212159486917,
      "noteren-van-muziek": 0.9842096477519893,
      "leren": 0,
      "leren-leren": 0,
      "muzieknotatie": 0,
      "reflectievaardigheden": 0.21875,
      "genetische-modificatie": 0.9767908498425678,
      "harmonie": 0.9842096477011679,
      "genetic-modification": 0.9841681532764489
    },
    "keywords|title^2": {
      "harmony": 0.98388671875,
      "genen": 0,
      "feedback-geven": 0.984085371096929,
      "noteren-van-muziek": 0.024671052631578948,
      "leren": 0,
      "leren-leren": 0,
      "muzieknotatie": 0,
      "reflectievaardigheden": 0,
      "genetische-modificatie": 0.9727613661024306,
      "harmonie": 0.49470872666807203,
      "genetic-modification": 0.9752972866728667
    },
    "keywords|title^2|title_plain": {
      "harmony": 0.98388671875,
      "genen": 0,
      "feedback-geven": 0.9840853462616603,
      "noteren-van-muziek": 0.033482142857142856,
      "leren": 0,
      "leren-leren": 0,
      "muzieknotatie": 0,
      "reflectievaardigheden": 0,
      "genetische-modificatie": 0.9727613661024306,
      "harmonie": 0.49470872666807203,
      "genetic-modification": 0.9789919481312002
    },
    "keywords|title_plain": {
      "harmony": 0.98388671875,
      "genen": 0,
      "feedback-geven": 0.6426186756718726,
      "noteren-van-muziek": 0,
      "leren": 0,
      "leren-leren": 0,
      "muzieknotatie": 0,
      "reflectievaardigheden": 0,
      "genetische-modificatie": 0.9727613661024306,
      "harmonie": 0.9842096463536715,
      "genetic-modification": 0.9840101579825083
    },
    "text": {
      "harmony": 0.9841678977895874,
      "genen": 0,
      "feedback-geven": 0.9738256938289851,
      "noteren-van-muziek": 0.9842096477519893,
      "leren": 0,
      "leren-leren": 0,
      "muzieknotatie": 0,
      "reflectievaardigheden": 0.21875,
      "genetische-modificatie": 0.9770559836452298,
      "harmonie": 0.3291333704270304,
      "genetic-modification": 0.984168152088202
    },
    "text|text_plain": {
      "harmony": 0.9841681679943675,
      "genen": 0,
      "feedback-geven": 0.9753497739142755,
      "noteren-van-muziek": 0.9842096477519893,
      "leren": 0,
      "leren-leren": 0,
      "muzieknotatie": 0,
      "reflectievaardigheden": 0.21875,
      "genetische-modificatie": 0.9768421613901712,
      "harmonie": 0.49470872801239746,
      "genetic-modification": 0.9841681441845922
    },
    "text|text_plain|title^2": {
      "harmony": 0.9842088580985341,
      "genen": 0,
      "feedback-geven": 0.9842080561148988,
      "noteren-van-muziek": 0.33067929803707996,