{
    "freeze": "alpha",
    "user": "mark",
    "queries": {
        "keywords": {
            "genen": 0.0,
            "leren": 0.0
        },
        "keywords|text": {
            "genen": 0.7531801819907926,
            "leren": 0.4981783497730568
        },
        "keywords|text|text_plain": {
            "genen": 0.6397581121616116,
            "leren": 0.4981783497730568
        },
        "keywords|text|text_plain|title^2": {
            "genen": 0.6397581121616116,
            "leren": 0.6545499785568825
        },
        "keywords|text|text_plain|title^2|title_plain": {
            "genen": 0.6397581121616116,
            "leren": 0.6545499785568825
        },
        "keywords|text|text_plain|title_plain": {
            "genen": 0.6397581121616116,
            "leren": 0.7800776816249482
        },
        "keywords|text|title^2": {
            "genen": 0.7531801819907926,
            "leren": 0.6545499785568825
        },
        "keywords|text|title^2|title_plain": {
            "genen": 0.7531801819907926,
            "leren": 0.6545499785568825
        },
        "keywords|text|title_plain": {
            "genen": 0.7531801819907926,
            "leren": 0.825453339051498
        },
        "keywords|text_plain": {
            "genen": 0.5896111979846673,
            "leren": 0.4981783497730568
        },
        "keywords|text_plain|title^2": {
            "genen": 0.5896111979846673,
            "leren": 0.6545499785568825
        },
        "keywords|text_plain|title^2|title_plain": {
            "genen": 0.5896111979846673,
            "leren": 0.6545499785568825
        },
        "keywords|text_plain|title_plain": {
            "genen": 0.5896111979846673,
            "leren": 0.825453339051498
        },
        "keywords|title^2": {
            "genen": 0.0,
            "leren": 0.6545499785568825
        },
        "keywords|title^2|title_plain": {
            "genen": 0.0,
            "leren": 0.6545499785568825
        },
        "keywords|title_plain": {
            "genen": 0.0,
            "leren": 0.6545499785568825
        },
        "text": {
            "genen": 0.7531801819907926,
            "leren": 0.4981783497730568
        },
        "text|text_plain": {
            "genen": 0.6397581121616116,
            "leren": 0.4981783497730568
        },
        "text|text_plain|title^2": {
            "genen": 0.6397581121616116,
            "leren": 0.7278022928201426
        },
        "text|text_plain|title^2|title_plain": {
            "genen": 0.6397581121616116,
            "leren": 0.6545499785568825
        },
        "text|text_plain|title_plain": {
            "genen": 0.6397581121616116,
            "leren": 0.825453339051498
        },
        "text|title^2": {
            "genen": 0.7531801819907926,
            "leren": 0.6545499785568825
        },
        "text|title^2|title_plain": {
            "genen": 0.7531801819907926,
            "leren": 0.6545499785568825
        },
        "text|title_plain": {
            "genen": 0.7531801819907926,
            "leren": 0.825453339051498
        },
        "text_plain": {
            "genen": 0.5896111979846673,
            "leren": 0.4981783497730568
        },
        "text_plain|title^2": {
            "genen": 0.5896111979846673,
            "leren": 0.6545499785568825
        },
        "text_plain|title^2|title_plain": {
            "genen": 0.5896111979846673,
            "leren": 0.6545499785568825
        },
        "text_plain|title_plain": {
            "genen": 0.5896111979846673,
            "leren": 0.825453339051498
        },
        "title^2": {
            "genen": 0.0,
            "leren": 0.6545499785568825
        },
        "title^2|title_plain": {
            "genen": 0.0,
            "leren": 0.6545499785568825
        },
        "title_plain": {
            "genen": 0.0,
            "leren": 0.6545499785568825
        }
    }
}